_id,Fecha,Metal,Valor,Unidad
1,2017-12-09T00:00:00,Cobre,299.44,¢US/lb
2,2017-12-09T00:00:00,Oro,1326.25,US$/ozt
3,2017-12-09T00:00:00,Plata,17.75,US$/ozt
4,2017-12-09T00:00:00,Molibdeno,7.257,¢US/lb
5,2017-12-09T00:00:00,Inventarios,218725.0,TM
6,2017-09-13T00:00:00,Cobre,296.06,¢US/lb
7,2017-09-13T00:00:00,Oro,1332.25,US$/ozt
8,2017-09-13T00:00:00,Plata,17.91,US$/ozt
9,2017-09-13T00:00:00,Molibdeno,7.257,¢US/lb
10,2017-09-13T00:00:00,Inventarios,246575.0,TM
11,2017-09-14T00:00:00,Cobre,291.138,¢US/lb
12,2017-09-14T00:00:00,Oro,1323.0,US$/ozt
13,2017-09-14T00:00:00,Plata,17.8,US$/ozt
14,2017-09-14T00:00:00,Molibdeno,7.257,¢US/lb
15,2017-09-14T00:00:00,Inventarios,276025.0,TM
16,2017-09-15T00:00:00,Cobre,292.88,¢US/lb
17,2017-09-15T00:00:00,Oro,1325.0,US$/ozt
18,2017-09-15T00:00:00,Plata,17.7,US$/ozt
19,2017-09-15T00:00:00,Molibdeno,7.257,¢US/lb
20,2017-09-15T00:00:00,Inventarios,304350.0,TM
21,2017-09-18T00:00:00,Cobre,294.245,¢US/lb
22,2017-09-18T00:00:00,Oro,1314.4,US$/ozt
23,2017-09-18T00:00:00,Plata,17.53,US$/ozt
24,2017-09-18T00:00:00,Molibdeno,7.257,¢US/lb
25,2017-09-18T00:00:00,Inventarios,302925.0,TM
26,2017-09-19T00:00:00,Cobre,294.472,¢US/lb
27,2017-09-19T00:00:00,Oro,1308.45,US$/ozt
28,2017-09-19T00:00:00,Plata,17.15,US$/ozt
29,2017-09-19T00:00:00,Molibdeno,7.257,¢US/lb
30,2017-09-19T00:00:00,Inventarios,300625.0,TM
31,2017-09-20T00:00:00,Cobre,295.742,¢US/lb
32,2017-09-20T00:00:00,Oro,1314.9,US$/ozt
33,2017-09-20T00:00:00,Plata,17.38,US$/ozt
34,2017-09-20T00:00:00,Molibdeno,7.257,¢US/lb
35,2017-09-20T00:00:00,Inventarios,313850.0,TM
36,2017-09-21T00:00:00,Cobre,290.639,¢US/lb
37,2017-09-21T00:00:00,Oro,1297.35,US$/ozt
38,2017-09-21T00:00:00,Plata,16.95,US$/ozt
39,2017-09-21T00:00:00,Molibdeno,7.257,¢US/lb
40,2017-09-21T00:00:00,Inventarios,311250.0,TM
41,2017-09-22T00:00:00,Cobre,290.526,¢US/lb
42,2017-09-22T00:00:00,Oro,1297.0,US$/ozt
43,2017-09-22T00:00:00,Plata,16.97,US$/ozt
44,2017-09-22T00:00:00,Molibdeno,7.257,¢US/lb
45,2017-09-22T00:00:00,Inventarios,309050.0,TM
46,2017-09-25T00:00:00,Cobre,291.025,¢US/lb
47,2017-09-25T00:00:00,Oro,1295.5,US$/ozt
48,2017-09-25T00:00:00,Plata,16.95,US$/ozt
49,2017-09-25T00:00:00,Molibdeno,7.257,¢US/lb
50,2017-09-25T00:00:00,Inventarios,305250.0,TM
51,2017-09-26T00:00:00,Cobre,291.342,¢US/lb
52,2017-09-26T00:00:00,Oro,1306.9,US$/ozt
53,2017-09-26T00:00:00,Plata,17.01,US$/ozt
54,2017-09-26T00:00:00,Molibdeno,7.257,¢US/lb
55,2017-09-26T00:00:00,Inventarios,305150.0,TM
56,2017-09-27T00:00:00,Cobre,291.479,¢US/lb
57,2017-09-27T00:00:00,Oro,1291.3,US$/ozt
58,2017-09-27T00:00:00,Plata,16.89,US$/ozt
59,2017-09-27T00:00:00,Molibdeno,7.257,¢US/lb
60,2017-09-27T00:00:00,Inventarios,301950.0,TM
61,2017-09-28T00:00:00,Cobre,290.526,¢US/lb
62,2017-09-28T00:00:00,Oro,1284.3,US$/ozt
63,2017-09-28T00:00:00,Plata,16.82,US$/ozt
64,2017-09-28T00:00:00,Molibdeno,7.257,¢US/lb
65,2017-09-28T00:00:00,Inventarios,298425.0,TM
66,2017-09-29T00:00:00,Cobre,294.155,¢US/lb
67,2017-09-29T00:00:00,Oro,1286.95,US$/ozt
68,2017-09-29T00:00:00,Plata,16.86,US$/ozt
69,2017-09-29T00:00:00,Molibdeno,7.257,¢US/lb
70,2017-09-29T00:00:00,Inventarios,297250.0,TM
71,2017-02-10T00:00:00,Cobre,292.794,¢US/lb
72,2017-02-10T00:00:00,Oro,1273.1,US$/ozt
73,2017-02-10T00:00:00,Plata,16.58,US$/ozt
74,2017-02-10T00:00:00,Molibdeno,7.257,¢US/lb
75,2017-02-10T00:00:00,Inventarios,295500.0,TM
76,2017-03-10T00:00:00,Cobre,292.431,¢US/lb
77,2017-03-10T00:00:00,Oro,1270.1,US$/ozt
78,2017-03-10T00:00:00,Plata,16.61,US$/ozt
79,2017-03-10T00:00:00,Molibdeno,7.257,¢US/lb
80,2017-03-10T00:00:00,Inventarios,302050.0,TM
81,2017-04-10T00:00:00,Cobre,292.703,¢US/lb
82,2017-04-10T00:00:00,Oro,1275.55,US$/ozt
83,2017-04-10T00:00:00,Plata,16.825,US$/ozt
84,2017-04-10T00:00:00,Molibdeno,7.257,¢US/lb
85,2017-04-10T00:00:00,Inventarios,298525.0,TM
86,2017-05-10T00:00:00,Cobre,295.334,¢US/lb
87,2017-05-10T00:00:00,Oro,1278.4,US$/ozt
88,2017-05-10T00:00:00,Plata,16.66,US$/ozt
89,2017-05-10T00:00:00,Molibdeno,7.257,¢US/lb
90,2017-05-10T00:00:00,Inventarios,296075.0,TM
91,2017-06-10T00:00:00,Cobre,301.14,¢US/lb
92,2017-06-10T00:00:00,Oro,1268.2,US$/ozt
93,2017-06-10T00:00:00,Plata,16.625,US$/ozt
94,2017-06-10T00:00:00,Molibdeno,7.257,¢US/lb
95,2017-06-10T00:00:00,Inventarios,293450.0,TM
96,2017-09-10T00:00:00,Cobre,299.689,¢US/lb
97,2017-09-10T00:00:00,Oro,1282.15,US$/ozt
98,2017-09-10T00:00:00,Plata,16.92,US$/ozt
99,2017-09-10T00:00:00,Molibdeno,7.257,¢US/lb
100,2017-09-10T00:00:00,Inventarios,291000.0,TM
101,2017-10-10T00:00:00,Cobre,301.231,¢US/lb
102,2017-10-10T00:00:00,Oro,1289.6,US$/ozt
103,2017-10-10T00:00:00,Plata,17.12,US$/ozt
104,2017-10-10T00:00:00,Molibdeno,7.257,¢US/lb
105,2017-10-10T00:00:00,Inventarios,289875.0,TM
106,2017-11-10T00:00:00,Cobre,303.227,¢US/lb
107,2017-11-10T00:00:00,Oro,1290.2,US$/ozt
108,2017-11-10T00:00:00,Plata,17.15,US$/ozt
109,2017-11-10T00:00:00,Molibdeno,7.257,¢US/lb
110,2017-11-10T00:00:00,Inventarios,286925.0,TM
111,2017-12-10T00:00:00,Cobre,309.033,¢US/lb
112,2017-12-10T00:00:00,Oro,1294.4,US$/ozt
113,2017-12-10T00:00:00,Plata,17.195,US$/ozt
114,2017-12-10T00:00:00,Molibdeno,7.257,¢US/lb
115,2017-12-10T00:00:00,Inventarios,285900.0,TM
116,2017-10-13T00:00:00,Cobre,311.074,¢US/lb
117,2017-10-13T00:00:00,Oro,1293.9,US$/ozt
118,2017-10-13T00:00:00,Plata,17.2,US$/ozt
119,2017-10-13T00:00:00,Molibdeno,7.257,¢US/lb
120,2017-10-13T00:00:00,Inventarios,283800.0,TM
121,2017-10-16T00:00:00,Cobre,320.37,¢US/lb
122,2017-10-16T00:00:00,Oro,1305.15,US$/ozt
123,2017-10-16T00:00:00,Plata,17.41,US$/ozt
124,2017-10-16T00:00:00,Molibdeno,7.257,¢US/lb
125,2017-10-16T00:00:00,Inventarios,285025.0,TM
126,2017-10-17T00:00:00,Cobre,319.6,¢US/lb
127,2017-10-17T00:00:00,Oro,1289.7,US$/ozt
128,2017-10-17T00:00:00,Plata,17.11,US$/ozt
129,2017-10-17T00:00:00,Molibdeno,7.257,¢US/lb
130,2017-10-17T00:00:00,Inventarios,291325.0,TM
131,2017-10-18T00:00:00,Cobre,316.22,¢US/lb
132,2017-10-18T00:00:00,Oro,1280.65,US$/ozt
133,2017-10-18T00:00:00,Plata,16.95,US$/ozt
134,2017-10-18T00:00:00,Molibdeno,7.257,¢US/lb
135,2017-10-18T00:00:00,Inventarios,292225.0,TM
136,2017-10-19T00:00:00,Cobre,313.89,¢US/lb
137,2017-10-19T00:00:00,Oro,1283.4,US$/ozt
138,2017-10-19T00:00:00,Plata,17.03,US$/ozt
139,2017-10-19T00:00:00,Molibdeno,7.257,¢US/lb
140,2017-10-19T00:00:00,Inventarios,291250.0,TM
141,2017-10-20T00:00:00,Cobre,317.9,¢US/lb
142,2017-10-20T00:00:00,Oro,1280.25,US$/ozt
143,2017-10-20T00:00:00,Plata,17.08,US$/ozt
144,2017-10-20T00:00:00,Molibdeno,7.257,¢US/lb
145,2017-10-20T00:00:00,Inventarios,287625.0,TM
146,2017-10-23T00:00:00,Cobre,315.66,¢US/lb
147,2017-10-23T00:00:00,Oro,1275.25,US$/ozt
148,2017-10-23T00:00:00,Plata,17.0,US$/ozt
149,2017-10-23T00:00:00,Molibdeno,7.257,¢US/lb
150,2017-10-23T00:00:00,Inventarios,283450.0,TM
151,2017-10-24T00:00:00,Cobre,320.85,¢US/lb
152,2017-10-24T00:00:00,Oro,1278.3,US$/ozt
153,2017-10-24T00:00:00,Plata,17.04,US$/ozt
154,2017-10-24T00:00:00,Molibdeno,7.257,¢US/lb
155,2017-10-24T00:00:00,Inventarios,281550.0,TM
156,2017-10-25T00:00:00,Cobre,316.18,¢US/lb
157,2017-10-25T00:00:00,Oro,1273.0,US$/ozt
158,2017-10-25T00:00:00,Plata,16.89,US$/ozt
159,2017-10-25T00:00:00,Molibdeno,7.257,¢US/lb
160,2017-10-25T00:00:00,Inventarios,279400.0,TM
161,2017-10-26T00:00:00,Cobre,315.93,¢US/lb
162,2017-10-26T00:00:00,Oro,1278.0,US$/ozt
163,2017-10-26T00:00:00,Plata,"16,97",US$/ozt
164,2017-10-26T00:00:00,Molibdeno,7.257,¢US/lb
165,2017-10-26T00:00:00,Inventarios,275575.0,TM
166,2017-10-27T00:00:00,Cobre,309.87,¢US/lb
167,2017-10-27T00:00:00,Oro,1267.8,US$/ozt
168,2017-10-27T00:00:00,Plata,16.72,US$/ozt
169,2017-10-27T00:00:00,Molibdeno,7.257,¢US/lb
170,2017-10-27T00:00:00,Inventarios,272625.0,TM
171,2017-10-30T00:00:00,Cobre,309.49,¢US/lb
172,2017-10-30T00:00:00,Oro,1272.75,US$/ozt
173,2017-10-30T00:00:00,Plata,16.74,US$/ozt
174,2017-10-30T00:00:00,Molibdeno,7.257,¢US/lb
175,2017-10-30T00:00:00,Inventarios,273625.0,TM
176,2017-10-31T00:00:00,Cobre,308.53,¢US/lb
177,2017-10-31T00:00:00,Oro,1274.4,US$/ozt
178,2017-10-31T00:00:00,Plata,16.82,US$/ozt
179,2017-10-31T00:00:00,Molibdeno,7.257,¢US/lb
180,2017-10-31T00:00:00,Inventarios,274625.0,TM
181,2017-01-11T00:00:00,Cobre,313.8,¢US/lb
182,2017-01-11T00:00:00,Oro,1279.25,US$/ozt
183,2017-01-11T00:00:00,Plata,16.94,US$/ozt
184,2017-01-11T00:00:00,Molibdeno,8.65,¢US/lb
185,2017-01-11T00:00:00,Inventarios,273675.0,TM
186,2017-02-11T00:00:00,Cobre,310.94,¢US/lb
187,2017-02-11T00:00:00,Oro,1276.4,US$/ozt
188,2017-02-11T00:00:00,Plata,17.08,US$/ozt
189,2017-02-11T00:00:00,Molibdeno,8.65,¢US/lb
190,2017-02-11T00:00:00,Inventarios,273850.0,TM
191,2017-03-11T00:00:00,Cobre,313.64,¢US/lb
192,2017-03-11T00:00:00,Oro,1275.3,US$/ozt
193,2017-03-11T00:00:00,Plata,17.09,US$/ozt
194,2017-03-11T00:00:00,Molibdeno,8.65,¢US/lb
195,2017-03-11T00:00:00,Inventarios,270400.0,TM
196,2017-06-11T00:00:00,Cobre,313.09,¢US/lb
197,2017-06-11T00:00:00,Oro,1271.6,US$/ozt
198,2017-06-11T00:00:00,Plata,16.92,US$/ozt
199,2017-06-11T00:00:00,Molibdeno,8.65,¢US/lb
200,2017-06-11T00:00:00,Inventarios,268450.0,TM
201,2017-07-11T00:00:00,Cobre,311.3,¢US/lb
202,2017-07-11T00:00:00,Oro,1276.35,US$/ozt
203,2017-07-11T00:00:00,Plata,17.01,US$/ozt
204,2017-07-11T00:00:00,Molibdeno,8.65,¢US/lb
205,2017-07-11T00:00:00,Inventarios,267650.0,TM
206,2017-08-11T00:00:00,Cobre,308.99,¢US/lb
207,2017-08-11T00:00:00,Oro,1282.25,US$/ozt
208,2017-08-11T00:00:00,Plata,17.0,US$/ozt
209,2017-08-11T00:00:00,Molibdeno,8.65,¢US/lb
210,2017-08-11T00:00:00,Inventarios,263425.0,TM
211,2017-09-11T00:00:00,Cobre,307.4,¢US/lb
212,2017-09-11T00:00:00,Oro,1284.0,US$/ozt
213,2017-09-11T00:00:00,Plata,17.1,US$/ozt
214,2017-09-11T00:00:00,Molibdeno,8.65,¢US/lb
215,2017-09-11T00:00:00,Inventarios,259725.0,TM
216,2017-10-11T00:00:00,Cobre,308.31,¢US/lb
217,2017-10-11T00:00:00,Oro,1284.45,US$/ozt
218,2017-10-11T00:00:00,Plata,17.0,US$/ozt
219,2017-10-11T00:00:00,Molibdeno,8.65,¢US/lb
220,2017-10-11T00:00:00,Inventarios,260150.0,TM
221,2017-11-13T00:00:00,Cobre,306.99,¢US/lb
222,2017-11-13T00:00:00,Oro,1278.4,US$/ozt
223,2017-11-13T00:00:00,Plata,16.93,US$/ozt
224,2017-11-13T00:00:00,Molibdeno,8.65,¢US/lb
225,2017-11-13T00:00:00,Inventarios,258275.0,TM
226,2017-11-14T00:00:00,Cobre,309.46,¢US/lb
227,2017-11-14T00:00:00,Oro,1273.7,US$/ozt
228,2017-11-14T00:00:00,Plata,16.94,US$/ozt
229,2017-11-14T00:00:00,Molibdeno,8.65,¢US/lb
230,2017-11-14T00:00:00,Inventarios,258800.0,TM
231,2017-11-15T00:00:00,Cobre,304.61,¢US/lb
232,2017-11-15T00:00:00,Oro,1285.7,US$/ozt
233,2017-11-15T00:00:00,Plata,17.12,US$/ozt
234,2017-11-15T00:00:00,Molibdeno,8.65,¢US/lb
235,2017-11-15T00:00:00,Inventarios,255450.0,TM
236,2017-11-16T00:00:00,Cobre,306.81,¢US/lb
237,2017-11-16T00:00:00,Oro,1277.7,US$/ozt
238,2017-11-16T00:00:00,Plata,17.04,US$/ozt
239,2017-11-16T00:00:00,Molibdeno,8.65,¢US/lb
240,2017-11-16T00:00:00,Inventarios,251550.0,TM
241,2017-11-17T00:00:00,Cobre,305.2,¢US/lb
242,2017-11-17T00:00:00,Oro,1283.85,US$/ozt
243,2017-11-17T00:00:00,Plata,17.09,US$/ozt
244,2017-11-17T00:00:00,Molibdeno,8.65,¢US/lb
245,2017-11-17T00:00:00,Inventarios,247700.0,TM
246,2017-11-20T00:00:00,Cobre,306.27,¢US/lb
247,2017-11-20T00:00:00,Oro,1292.35,US$/ozt
248,2017-11-20T00:00:00,Plata,17.15,US$/ozt
249,2017-11-20T00:00:00,Molibdeno,8.65,¢US/lb
250,2017-11-20T00:00:00,Inventarios,241400.0,TM
251,2017-11-21T00:00:00,Cobre,309.71,¢US/lb
252,2017-11-21T00:00:00,Oro,1280.0,US$/ozt
253,2017-11-21T00:00:00,Plata,17.0,US$/ozt
254,2017-11-21T00:00:00,Molibdeno,8.65,¢US/lb
255,2017-11-21T00:00:00,Inventarios,234375.0,TM
256,2017-11-22T00:00:00,Cobre,311.73,¢US/lb
257,2017-11-22T00:00:00,Oro,1283.95,US$/ozt
258,2017-11-22T00:00:00,Plata,16.97,US$/ozt
259,2017-11-22T00:00:00,Molibdeno,8.65,¢US/lb
260,2017-11-22T00:00:00,Inventarios,226275.0,TM
261,2017-11-23T00:00:00,Cobre,312.77,¢US/lb
262,2017-11-23T00:00:00,Oro,1290.15,US$/ozt
263,2017-11-23T00:00:00,Plata,17.1,US$/ozt
264,2017-11-23T00:00:00,Molibdeno,8.65,¢US/lb
265,2017-11-23T00:00:00,Inventarios,219075.0,TM
266,2017-11-24T00:00:00,Cobre,316.04,¢US/lb
267,2017-11-24T00:00:00,Oro,1289.15,US$/ozt
268,2017-11-24T00:00:00,Plata,17.1,US$/ozt
269,2017-11-24T00:00:00,Molibdeno,8.65,¢US/lb
270,2017-11-24T00:00:00,Inventarios,213600.0,TM
271,2017-11-27T00:00:00,Cobre,312.62,¢US/lb
272,2017-11-27T00:00:00,Oro,1294.7,US$/ozt
273,2017-11-27T00:00:00,Plata,17.1,US$/ozt
274,2017-11-27T00:00:00,Molibdeno,8.65,¢US/lb
275,2017-11-27T00:00:00,Inventarios,204200.0,TM
276,2017-11-28T00:00:00,Cobre,308.44,¢US/lb
277,2017-11-28T00:00:00,Oro,1293.9,US$/ozt
278,2017-11-28T00:00:00,Plata,17.07,US$/ozt
279,2017-11-28T00:00:00,Molibdeno,8650.0,¢US/lb
280,2017-11-28T00:00:00,Inventarios,298275.0,TM
281,2017-11-29T00:00:00,Cobre,306.47,¢US/lb
282,2017-11-29T00:00:00,Oro,1294.85,US$/ozt
283,2017-11-29T00:00:00,Plata,16.9,US$/ozt
284,2017-11-29T00:00:00,Molibdeno,8650.0,¢US/lb
285,2017-11-29T00:00:00,Inventarios,191725.0,TM
286,2017-11-30T00:00:00,Cobre,306.674,¢US/lb
287,2017-11-30T00:00:00,Oro,1282.2,US$/ozt
288,2017-11-30T00:00:00,Plata,16.57,US$/ozt
289,2017-11-30T00:00:00,Molibdeno,8650.0,¢US/lb
290,2017-11-30T00:00:00,Inventarios,188525.0,TM
291,2017-01-12T00:00:00,Cobre,305.4492,¢US/lb
292,2017-01-12T00:00:00,Oro,1277.25,US$/ozt
293,2017-01-12T00:00:00,Plata,16.42,US$/ozt
294,2017-01-12T00:00:00,Molibdeno,8500.0,¢US/lb
295,2017-01-12T00:00:00,Inventarios,183525.0,TM
296,2017-04-12T00:00:00,Cobre,308.7604,¢US/lb
297,2017-04-12T00:00:00,Oro,1279.099976,US$/ozt
298,2017-04-12T00:00:00,Plata,16.33,US$/ozt
299,2017-04-12T00:00:00,Molibdeno,8500.0,¢US/lb
300,2017-04-12T00:00:00,Inventarios,182425.0,TM
301,2017-05-12T00:00:00,Cobre,301.4122,¢US/lb
302,2017-05-12T00:00:00,Oro,1275.900024,US$/ozt
303,2017-05-12T00:00:00,Plata,16.285,US$/ozt
304,2017-05-12T00:00:00,Molibdeno,8500.0,¢US/lb
305,2017-05-12T00:00:00,Inventarios,192550.0,TM
306,2017-06-12T00:00:00,Cobre,296.6041,¢US/lb
307,2017-06-12T00:00:00,Oro,1268.550049,US$/ozt
308,2017-06-12T00:00:00,Plata,16.115,US$/ozt
309,2017-06-12T00:00:00,Molibdeno,8500.0,¢US/lb
310,2017-06-12T00:00:00,Inventarios,193675.0,TM
311,2017-07-12T00:00:00,Cobre,296.2186,¢US/lb
312,2017-07-12T00:00:00,Oro,1256.800049,US$/ozt
313,2017-07-12T00:00:00,Plata,15.91,US$/ozt
314,2017-07-12T00:00:00,Molibdeno,8500.0,¢US/lb
315,2017-07-12T00:00:00,Inventarios,193975.0,TM
316,2017-08-12T00:00:00,Cobre,296.5815,¢US/lb
317,2017-08-12T00:00:00,Oro,1245.849976,US$/ozt
318,2017-08-12T00:00:00,Plata,15.91,US$/ozt
319,2017-08-12T00:00:00,Molibdeno,8500.0,¢US/lb
320,2017-08-12T00:00:00,Inventarios,195150.0,TM
321,2017-11-12T00:00:00,Cobre,296.9897,¢US/lb
322,2017-11-12T00:00:00,Oro,1251.400024,US$/ozt
323,2017-11-12T00:00:00,Plata,15.835,US$/ozt
324,2017-11-12T00:00:00,Molibdeno,8500.0,¢US/lb
325,2017-11-12T00:00:00,Inventarios,194600.0,TM
326,2017-12-12T00:00:00,Cobre,300.0061,¢US/lb
327,2017-12-12T00:00:00,Oro,1243.400024,US$/ozt
328,2017-12-12T00:00:00,Plata,15.78,US$/ozt
329,2017-12-12T00:00:00,Molibdeno,8500.0,¢US/lb
330,2017-12-12T00:00:00,Inventarios,193475.0,TM
331,2017-12-13T00:00:00,Cobre,303.2266,¢US/lb
332,2017-12-13T00:00:00,Oro,1241.599976,US$/ozt
333,2017-12-13T00:00:00,Plata,15.705,US$/ozt
334,2017-12-13T00:00:00,Molibdeno,8500.0,¢US/lb
335,2017-12-13T00:00:00,Inventarios,191600.0,TM
336,2017-12-14T00:00:00,Cobre,304.9502,¢US/lb
337,2017-12-14T00:00:00,Oro,1255.599976,US$/ozt
338,2017-12-14T00:00:00,Plata,16.01,US$/ozt
339,2017-12-14T00:00:00,Molibdeno,8500.0,¢US/lb
340,2017-12-14T00:00:00,Inventarios,191550.0,TM
341,2017-12-15T00:00:00,Cobre,305.5172,¢US/lb
342,2017-12-15T00:00:00,Oro,1257.25,US$/ozt
343,2017-12-15T00:00:00,Plata,15.985,US$/ozt
344,2017-12-15T00:00:00,Molibdeno,8500.0,¢US/lb
345,2017-12-15T00:00:00,Inventarios,195200.0,TM
346,2017-12-18T00:00:00,Cobre,310.4387,¢US/lb
347,2017-12-18T00:00:00,Oro,1258.650024,US$/ozt
348,2017-12-18T00:00:00,Plata,15.985,US$/ozt
349,2017-12-18T00:00:00,Molibdeno,8500.0,¢US/lb
350,2017-12-18T00:00:00,Inventarios,196725.0,TM
351,2017-12-19T00:00:00,Cobre,310.4841,¢US/lb
352,2017-12-19T00:00:00,Oro,1263.099976,US$/ozt
353,2017-12-19T00:00:00,Plata,16.155,US$/ozt
354,2017-12-19T00:00:00,Molibdeno,8500.0,¢US/lb
355,2017-12-19T00:00:00,Inventarios,201725.0,TM
356,2017-12-20T00:00:00,Cobre,314.1128,¢US/lb
357,2017-12-20T00:00:00,Oro,1265.949951,US$/ozt
358,2017-12-20T00:00:00,Plata,16.185,US$/ozt
359,2017-12-20T00:00:00,Molibdeno,8500.0,¢US/lb
360,2017-12-20T00:00:00,Inventarios,201150.0,TM
361,2017-12-21T00:00:00,Cobre,316.4715,¢US/lb
362,2017-12-21T00:00:00,Oro,1265.849976,US$/ozt
363,2017-12-21T00:00:00,Plata,16.145,US$/ozt
364,2017-12-21T00:00:00,Molibdeno,8500.0,¢US/lb
365,2017-12-21T00:00:00,Inventarios,201650.0,TM
366,2017-12-22T00:00:00,Cobre,318.3766,¢US/lb
367,2017-12-22T00:00:00,Oro,1268.050049,US$/ozt
368,2017-12-22T00:00:00,Plata,16.175,US$/ozt
369,2017-12-22T00:00:00,Molibdeno,8500.0,¢US/lb
370,2017-12-22T00:00:00,Inventarios,201600.0,TM
371,2017-12-27T00:00:00,Cobre,323.8651,¢US/lb
372,2017-12-27T00:00:00,Oro,1285.400024,US$/ozt
373,2017-12-27T00:00:00,Plata,16.5,US$/ozt
374,2017-12-27T00:00:00,Molibdeno,8500.0,¢US/lb
375,2017-12-27T00:00:00,Inventarios,202100.0,TM
376,2017-12-28T00:00:00,Cobre,327.3123,¢US/lb
377,2017-12-28T00:00:00,Oro,1291.599976,US$/ozt
378,2017-12-28T00:00:00,Plata,16.74,US$/ozt
379,2017-12-28T00:00:00,Molibdeno,8500.0,¢US/lb
380,2017-12-28T00:00:00,Inventarios,202850.0,TM
381,2017-12-29T00:00:00,Cobre,324.6361,¢US/lb
382,2017-12-29T00:00:00,Oro,1296.5,US$/ozt
383,2017-12-29T00:00:00,Plata,16.865,US$/ozt
384,2017-12-29T00:00:00,Molibdeno,8500.0,¢US/lb
385,2017-12-29T00:00:00,Inventarios,201725.0,TM
386,2018-02-01T00:00:00,Cobre,325.7248,¢US/lb
387,2018-02-01T00:00:00,Oro,1312.800049,US$/ozt
388,2018-02-01T00:00:00,Plata,17.06,US$/ozt
389,2018-02-01T00:00:00,Molibdeno,8500.0,¢US/lb
390,2018-02-01T00:00:00,Inventarios,200650.0,TM
391,2018-03-01T00:00:00,Cobre,322.7538,¢US/lb
392,2018-03-01T00:00:00,Oro,1314.599976,US$/ozt
393,2018-03-01T00:00:00,Plata,17.125,US$/ozt
394,2018-03-01T00:00:00,Molibdeno,8500.0,¢US/lb
395,2018-03-01T00:00:00,Inventarios,200225.0,TM
396,2018-08-02T00:00:00,Cobre,310167.0,¢US/lb
397,2018-08-02T00:00:00,Oro,"1311,05",US$/ozt
398,2018-08-02T00:00:00,Plata,17.1259,US$/ozt
399,2018-08-02T00:00:00,Molibdeno,7257.0,¢US/lb
400,2018-08-02T00:00:00,Inventarios,316100.0,TM
401,2018-09-02T00:00:00,Cobre,306.402,¢US/lb
402,2018-09-02T00:00:00,Oro,1316.05,US$/ozt
403,2018-09-02T00:00:00,Plata,16.355,US$/ozt
404,2018-09-02T00:00:00,Molibdeno,7257.0,¢US/lb
405,2018-09-02T00:00:00,Inventarios,336225.0,TM
406,2018-12-02T00:00:00,Cobre,307.83,¢US/lb
407,2018-12-02T00:00:00,Oro,1321.7,US$/ozt
408,2018-12-02T00:00:00,Plata,16.42,US$/ozt
409,2018-12-02T00:00:00,Molibdeno,7257.0,¢US/lb
410,2018-12-02T00:00:00,Inventarios,333850.0,TM
411,2018-02-13T00:00:00,Cobre,313.343,¢US/lb
412,2018-02-13T00:00:00,Oro,1332.14,US$/ozt
413,2018-02-13T00:00:00,Plata,17.0508,US$/ozt
414,2018-02-13T00:00:00,Molibdeno,7257.0,¢US/lb
415,2018-02-13T00:00:00,Inventarios,333025.0,TM
416,2018-02-14T00:00:00,Cobre,315.79,¢US/lb
417,2018-02-14T00:00:00,Oro,1339.75,US$/ozt
418,2018-02-14T00:00:00,Plata,16.58,US$/ozt
419,2018-02-14T00:00:00,Molibdeno,7257.0,¢US/lb
420,2018-02-14T00:00:00,Inventarios,333625.0,TM
421,2018-02-15T00:00:00,Cobre,312.96,¢US/lb
422,2018-02-15T00:00:00,Oro,1353.7,US$/ozt
423,2018-02-15T00:00:00,Plata,16.82,US$/ozt
424,2018-02-15T00:00:00,Molibdeno,7257.0,¢US/lb
425,2018-02-15T00:00:00,Inventarios,333525.0,TM
426,2018-02-16T00:00:00,Cobre,324.727,¢US/lb
427,2018-02-16T00:00:00,Oro,1358.6,US$/ozt
428,2018-02-16T00:00:00,Plata,16.835,US$/ozt
429,2018-02-16T00:00:00,Molibdeno,7257.0,¢US/lb
430,2018-02-16T00:00:00,Inventarios,332775.0,TM
431,2018-02-19T00:00:00,Cobre,321.733,¢US/lb
432,2018-02-19T00:00:00,Oro,1347.4,US$/ozt
433,2018-02-19T00:00:00,Plata,16.72,US$/ozt
434,2018-02-19T00:00:00,Molibdeno,7257.0,¢US/lb
435,2018-02-19T00:00:00,Inventarios,338275.0,TM
436,2018-02-20T00:00:00,Cobre,318.739,¢US/lb
437,2018-02-20T00:00:00,Oro,1337.4,US$/ozt
438,2018-02-20T00:00:00,Plata,16.57,US$/ozt
439,2018-02-20T00:00:00,Molibdeno,7.257,¢US/lb
440,2018-02-20T00:00:00,Inventarios,337850.0,TM
441,2018-02-21T00:00:00,Cobre,317.651,¢US/lb
442,2018-02-21T00:00:00,Oro,1328.6,US$/ozt
443,2018-02-21T00:00:00,Plata,16.435,US$/ozt
444,2018-02-21T00:00:00,Molibdeno,7.257,¢US/lb
445,2018-02-21T00:00:00,Inventarios,337175.0,TM
446,2018-02-22T00:00:00,Cobre,318.97,¢US/lb
447,2018-02-22T00:00:00,Oro,1323.5,US$/ozt
448,2018-02-22T00:00:00,Plata,16.46,US$/ozt
449,2018-02-22T00:00:00,Molibdeno,334675.0,¢US/lb
450,2018-02-22T00:00:00,Inventarios,334675.0,TM
451,2018-02-23T00:00:00,Cobre,320.849,¢US/lb
452,2018-02-23T00:00:00,Oro,1328.9,US$/ozt
453,2018-02-23T00:00:00,Plata,16.61,US$/ozt
454,2018-02-23T00:00:00,Molibdeno,7.257,¢US/lb
455,2018-02-23T00:00:00,Inventarios,332450.0,TM
456,2018-02-26T00:00:00,Cobre,322.55,¢US/lb
457,2018-02-26T00:00:00,Oro,1339.05,US$/ozt
458,2018-02-26T00:00:00,Plata,16.67,US$/ozt
459,2018-02-26T00:00:00,Molibdeno,7.257,¢US/lb
460,2018-02-26T00:00:00,Inventarios,331575.0,TM
461,2018-02-27T00:00:00,Cobre,318.78,¢US/lb
462,2018-02-27T00:00:00,Oro,1332.75,US$/ozt
463,2018-02-27T00:00:00,Plata,16.61,US$/ozt
464,2018-02-27T00:00:00,Molibdeno,7.257,¢US/lb
465,2018-02-27T00:00:00,Inventarios,330425.0,TM
466,2018-02-28T00:00:00,Cobre,315.383,¢US/lb
467,2018-02-28T00:00:00,Oro,1333.27,US$/ozt
468,2018-02-28T00:00:00,Plata,18.926,US$/ozt
469,2018-02-28T00:00:00,Molibdeno,7.257,¢US/lb
470,2018-02-28T00:00:00,Inventarios,330800.0,TM
471,2018-01-03T00:00:00,Cobre,310.8,¢US/lb
472,2018-01-03T00:00:00,Oro,1311.25,US$/ozt
473,2018-01-03T00:00:00,Plata,16.32,US$/ozt
474,2018-01-03T00:00:00,Molibdeno,7.257,¢US/lb
475,2018-01-03T00:00:00,Inventarios,328000.0,TM
476,2018-02-03T00:00:00,Cobre,321.21,¢US/lb
477,2018-02-03T00:00:00,Oro,1316.75,US$/ozt
478,2018-02-03T00:00:00,Plata,16.44,US$/ozt
479,2018-02-03T00:00:00,Molibdeno,7.257,¢US/lb
480,2018-02-03T00:00:00,Inventarios,324900.0,TM
481,2018-05-03T00:00:00,Cobre,310.71,¢US/lb
482,2018-05-03T00:00:00,Oro,1326.39,US$/ozt
483,2018-05-03T00:00:00,Plata,16.51,US$/ozt
484,2018-05-03T00:00:00,Molibdeno,7.257,¢US/lb
485,2018-05-03T00:00:00,Inventarios,322175.0,TM
486,2018-06-03T00:00:00,Cobre,316.09,¢US/lb
487,2018-06-03T00:00:00,Oro,1324.95,US$/ozt
488,2018-06-03T00:00:00,Plata,16.62,US$/ozt
489,2018-06-03T00:00:00,Molibdeno,7.257,¢US/lb
490,2018-06-03T00:00:00,Inventarios,319650.0,TM
491,2018-07-03T00:00:00,Cobre,311.75,¢US/lb
492,2018-07-03T00:00:00,Oro,1332.5,US$/ozt
493,2018-07-03T00:00:00,Plata,16.64,US$/ozt
494,2018-07-03T00:00:00,Molibdeno,7.257,¢US/lb
495,2018-07-03T00:00:00,Inventarios,1332.5,TM
496,2018-08-03T00:00:00,Cobre,309.8,¢US/lb
497,2018-08-03T00:00:00,Oro,1325.4,US$/ozt
498,2018-08-03T00:00:00,Plata,16.48,US$/ozt
499,2018-08-03T00:00:00,Molibdeno,7.257,¢US/lb
500,2018-08-03T00:00:00,Inventarios,314975.0,TM
501,2018-09-03T00:00:00,Cobre,308.81,¢US/lb
502,2018-09-03T00:00:00,Oro,1319.35,US$/ozt
503,2018-09-03T00:00:00,Plata,16.49,US$/ozt
504,2018-09-03T00:00:00,Molibdeno,8.845,¢US/lb
505,2018-09-03T00:00:00,Inventarios,311125.0,TM
506,2018-12-03T00:00:00,Cobre,311.03,¢US/lb
507,2018-12-03T00:00:00,Oro,1317.25,US$/ozt
508,2018-12-03T00:00:00,Plata,16.45,US$/ozt
509,2018-12-03T00:00:00,Molibdeno,8.391,¢US/lb
510,2018-12-03T00:00:00,Inventarios,321125.0,TM
511,2018-03-13T00:00:00,Cobre,321.21,¢US/lb
512,2018-03-13T00:00:00,Oro,1318.7,US$/ozt
513,2018-03-13T00:00:00,Plata,16.51,US$/ozt
514,2018-03-13T00:00:00,Molibdeno,9.299,¢US/lb
515,2018-03-13T00:00:00,Inventarios,321475.0,TM
516,2018-03-14T00:00:00,Cobre,318.2,¢US/lb
517,2018-03-14T00:00:00,Oro,1324.95,US$/ozt
518,2018-03-14T00:00:00,Plata,16.6,US$/ozt
519,2018-03-14T00:00:00,Molibdeno,9.525,¢US/lb
520,2018-03-14T00:00:00,Inventarios,319825.0,TM
521,2018-03-15T00:00:00,Cobre,312.321106,¢US/lb
522,2018-03-15T00:00:00,Oro,1323.35,US$/ozt
523,2018-03-15T00:00:00,Plata,16.52000046,US$/ozt
524,2018-03-15T00:00:00,Molibdeno,9.752,¢US/lb
525,2018-03-15T00:00:00,Inventarios,319325.0,TM
526,2018-03-16T00:00:00,Cobre,314.0220947,¢US/lb
527,2018-03-16T00:00:00,Oro,1320.050049,US$/ozt
528,2018-03-16T00:00:00,Plata,16.47500038,US$/ozt
529,2018-03-16T00:00:00,Molibdeno,9.979,¢US/lb
530,2018-03-16T00:00:00,Inventarios,321450.0,TM
531,2018-03-19T00:00:00,Cobre,308.057,¢US/lb
532,2018-03-19T00:00:00,Oro,1311.7,US$/ozt
533,2018-03-19T00:00:00,Plata,16.3,US$/ozt
534,2018-03-19T00:00:00,Molibdeno,10.206,¢US/lb
535,2018-03-19T00:00:00,Inventarios,319275.0,TM
536,2018-03-20T00:00:00,Cobre,307.717,¢US/lb
537,2018-03-20T00:00:00,Oro,1312.75,US$/ozt
538,2018-03-20T00:00:00,Plata,16.25,US$/ozt
539,2018-03-20T00:00:00,Molibdeno,10.433,¢US/lb
540,2018-03-20T00:00:00,Inventarios,322475.0,TM
541,2018-03-21T00:00:00,Cobre,302.773,¢US/lb
542,2018-03-21T00:00:00,Oro,1316.35,US$/ozt
543,2018-03-21T00:00:00,Plata,1329.81,US$/ozt
544,2018-03-21T00:00:00,Molibdeno,10.659,¢US/lb
545,2018-03-21T00:00:00,Inventarios,321900.0,TM
546,2018-03-22T00:00:00,Cobre,306.016,¢US/lb
547,2018-03-22T00:00:00,Oro,1328.85,US$/ozt
548,2018-03-22T00:00:00,Plata,16.52,US$/ozt
549,2018-03-22T00:00:00,Molibdeno,10.886,¢US/lb
550,2018-03-22T00:00:00,Inventarios,319500.0,TM
551,2018-03-23T00:00:00,Cobre,302.002,¢US/lb
552,2018-03-23T00:00:00,Oro,1342.35,US$/ozt
553,2018-03-23T00:00:00,Plata,16.53,US$/ozt
554,2018-03-23T00:00:00,Molibdeno,11.113,¢US/lb
555,2018-03-23T00:00:00,Inventarios,317750.0,TM
556,2018-03-26T00:00:00,Cobre,294.835,¢US/lb
557,2018-03-26T00:00:00,Oro,1348.4,US$/ozt
558,2018-03-26T00:00:00,Plata,16.61,US$/ozt
559,2018-03-26T00:00:00,Molibdeno,11.34,¢US/lb
560,2018-03-26T00:00:00,Inventarios,352750.0,TM
561,2018-03-27T00:00:00,Cobre,301.253,¢US/lb
562,2018-03-27T00:00:00,Oro,1350.65,US$/ozt
563,2018-03-27T00:00:00,Plata,16.64,US$/ozt
564,2018-03-27T00:00:00,Molibdeno,11.567,¢US/lb
565,2018-03-27T00:00:00,Inventarios,383975.0,TM
566,2018-03-28T00:00:00,Cobre,299.439,¢US/lb
567,2018-03-28T00:00:00,Oro,1341.05,US$/ozt
568,2018-03-28T00:00:00,Plata,16.455,US$/ozt
569,2018-03-28T00:00:00,Molibdeno,11.793,¢US/lb
570,2018-03-28T00:00:00,Inventarios,388175.0,TM
571,2019-03-29T00:00:00,Cobre,303.227,¢US/lb
572,2019-03-29T00:00:00,Oro,1323.9,US$/ozt
573,2019-03-29T00:00:00,Plata,16.28,US$/ozt
574,2019-03-29T00:00:00,Molibdeno,11.793,¢US/lb
575,2019-03-29T00:00:00,Inventarios,383075.0,TM
576,2018-03-30T00:00:00,Cobre,FERIADO,¢US/lb
577,2018-03-30T00:00:00,Oro,FERIADO,US$/ozt
578,2018-03-30T00:00:00,Plata,FERIADO,US$/ozt
579,2018-03-30T00:00:00,Molibdeno,FERIADO,¢US/lb
580,2018-03-30T00:00:00,Inventarios,FERIADO,TM
581,2018-02-04T00:00:00,Cobre,FERIADO,¢US/lb
582,2018-02-04T00:00:00,Oro,FERIADO,US$/ozt
583,2018-02-04T00:00:00,Plata,FERIADO,US$/ozt
584,2018-02-04T00:00:00,Molibdeno,FERIADO,¢US/lb
585,2018-02-04T00:00:00,Inventarios,FERIADO,TM
586,2018-03-04T00:00:00,Cobre,306.447,¢US/lb
587,2018-03-04T00:00:00,Oro,1323.9,US$/ozt
588,2018-03-04T00:00:00,Plata,16.28,US$/ozt
589,2018-03-04T00:00:00,Molibdeno,11.793,¢US/lb
590,2018-03-04T00:00:00,Inventarios,383025.0,TM
591,2018-04-04T00:00:00,Cobre,300.505,¢US/lb
592,2018-04-04T00:00:00,Oro,1336.6,US$/ozt
593,2018-04-04T00:00:00,Plata,16.52,US$/ozt
594,2018-04-04T00:00:00,Molibdeno,11.793,¢US/lb
595,2018-04-04T00:00:00,Inventarios,378075.0,TM
596,2018-05-04T00:00:00,Cobre,306.946,¢US/lb
597,2018-05-04T00:00:00,Oro,1343.15,US$/ozt
598,2018-05-04T00:00:00,Plata,16.46,US$/ozt
599,2018-05-04T00:00:00,Molibdeno,11.793,¢US/lb
600,2018-05-04T00:00:00,Inventarios,372850.0,TM
601,2018-06-04T00:00:00,Cobre,304.043,¢US/lb
602,2018-06-04T00:00:00,Oro,1327.05,US$/ozt
603,2018-06-04T00:00:00,Plata,16.305,US$/ozt
604,2018-06-04T00:00:00,Molibdeno,11.793,¢US/lb
605,2018-06-04T00:00:00,Inventarios,370750.0,TM
606,2018-09-04T00:00:00,Cobre,306.946,¢US/lb
607,2018-09-04T00:00:00,Oro,1325.6,US$/ozt
608,2018-09-04T00:00:00,Plata,16.275,US$/ozt
609,2018-09-04T00:00:00,Molibdeno,11.793,¢US/lb
610,2018-09-04T00:00:00,Inventarios,372175.0,TM
611,2018-10-04T00:00:00,Cobre,312.435,¢US/lb
612,2018-10-04T00:00:00,Oro,1328.5,US$/ozt
613,2018-10-04T00:00:00,Plata,16.34,US$/ozt
614,2018-10-04T00:00:00,Molibdeno,11.793,¢US/lb
615,2018-10-04T00:00:00,Inventarios,369525.0,TM
616,2018-11-04T00:00:00,Cobre,314.362,¢US/lb
617,2018-11-04T00:00:00,Oro,1335.95,US$/ozt
618,2018-11-04T00:00:00,Plata,16.49,US$/ozt
619,2018-11-04T00:00:00,Molibdeno,11.793,¢US/lb
620,2018-11-04T00:00:00,Inventarios,366725.0,TM
621,2018-12-04T00:00:00,Cobre,306.447,¢US/lb
622,2018-12-04T00:00:00,Oro,1345.2,US$/ozt
623,2018-12-04T00:00:00,Plata,16.565,US$/ozt
624,2018-12-04T00:00:00,Molibdeno,11.793,¢US/lb
625,2018-12-04T00:00:00,Inventarios,362700.0,TM
626,2018-04-13T00:00:00,Cobre,309.804,¢US/lb
627,2018-04-13T00:00:00,Oro,1345.9,US$/ozt
628,2018-04-13T00:00:00,Plata,16.655,US$/ozt
629,2018-04-13T00:00:00,Molibdeno,11.793,¢US/lb
630,2018-04-13T00:00:00,Inventarios,357025.0,TM
631,2018-04-16T00:00:00,Cobre,308.965,¢US/lb
632,2018-04-16T00:00:00,Oro,1340.75,US$/ozt
633,2018-04-16T00:00:00,Plata,16.505,US$/ozt
634,2018-04-16T00:00:00,Molibdeno,11.793,¢US/lb
635,2018-04-16T00:00:00,Inventarios,352000.0,TM
636,2018-04-17T00:00:00,Cobre,307.72,¢US/lb
637,2018-04-17T00:00:00,Oro,1342.95,US$/ozt
638,2018-04-17T00:00:00,Plata,16.62,US$/ozt
639,2018-04-17T00:00:00,Molibdeno,11.793,¢US/lb
640,2018-04-17T00:00:00,Inventarios,358025.0,TM
641,2018-04-18T00:00:00,Cobre,314.612,¢US/lb
642,2018-04-18T00:00:00,Oro,1342.95,US$/ozt
643,2018-04-18T00:00:00,Plata,16.625,US$/ozt
644,2018-04-18T00:00:00,Molibdeno,11.793,¢US/lb
645,2018-04-18T00:00:00,Inventarios,359275.0,TM
646,2018-04-19T00:00:00,Cobre,314.88,¢US/lb
647,2018-04-19T00:00:00,Oro,1347.9,US$/ozt
648,2018-04-19T00:00:00,Plata,17.2,US$/ozt
649,2018-04-19T00:00:00,Molibdeno,11.925,¢US/lb
650,2018-04-19T00:00:00,Inventarios,355150.0,TM
651,2018-04-20T00:00:00,Cobre,314.748,¢US/lb
652,2018-04-20T00:00:00,Oro,1347.9,US$/ozt
653,2018-04-20T00:00:00,Plata,17.195,US$/ozt
654,2018-04-20T00:00:00,Molibdeno,11.793,¢US/lb
655,2018-04-20T00:00:00,Inventarios,353375.0,TM
656,2018-04-21T00:00:00,Cobre,314.02,¢US/lb
657,2018-04-21T00:00:00,Oro,1328.0,US$/ozt
658,2018-04-21T00:00:00,Plata,16.93,US$/ozt
659,2018-04-21T00:00:00,Molibdeno,11.793,¢US/lb
660,2018-04-21T00:00:00,Inventarios,351825.0,TM
661,2018-04-24T00:00:00,Cobre,316.925,¢US/lb
662,2018-04-24T00:00:00,Oro,1327.35,US$/ozt
663,2018-04-24T00:00:00,Plata,16.595,US$/ozt
664,2018-04-24T00:00:00,Molibdeno,11.793,¢US/lb
665,2018-04-24T00:00:00,Inventarios,348725.0,TM
666,2018-04-25T00:00:00,Cobre,315.723,¢US/lb
667,2018-04-25T00:00:00,Oro,1325.7,US$/ozt
668,2018-04-25T00:00:00,Plata,16.565,US$/ozt
669,2018-04-25T00:00:00,Molibdeno,11.793,¢US/lb
670,2018-04-25T00:00:00,Inventarios,346300.0,TM
671,2018-04-26T00:00:00,Cobre,312.321,¢US/lb
672,2018-04-26T00:00:00,Oro,1321.9,US$/ozt
673,2018-04-26T00:00:00,Plata,16.515,US$/ozt
674,2018-04-26T00:00:00,Molibdeno,11.793,¢US/lb
675,2018-04-26T00:00:00,Inventarios,342250.0,TM
676,2018-04-27T00:00:00,Cobre,308.31,¢US/lb
677,2018-04-27T00:00:00,Oro,1317.7,US$/ozt
678,2018-04-27T00:00:00,Plata,16.53,US$/ozt
679,2018-04-27T00:00:00,Molibdeno,11.793,¢US/lb
680,2018-04-27T00:00:00,Inventarios,337700.0,TM
681,2018-04-30T00:00:00,Cobre,307.672,¢US/lb
682,2018-04-30T00:00:00,Oro,1317.7,US$/ozt
683,2018-04-30T00:00:00,Plata,16.38,US$/ozt
684,2018-04-30T00:00:00,Molibdeno,11.793,¢US/lb
685,2018-04-30T00:00:00,Inventarios,334650.0,TM
686,2018-01-05T00:00:00,Cobre,307.422,¢US/lb
687,2018-01-05T00:00:00,Oro,1309.2,US$/ozt
688,2018-01-05T00:00:00,Plata,16.25,US$/ozt
689,2018-01-05T00:00:00,Molibdeno,11.793,¢US/lb
690,2018-01-05T00:00:00,Inventarios,325525.0,TM
691,2018-02-05T00:00:00,Cobre,307.763,¢US/lb
692,2018-02-05T00:00:00,Oro,1310.75,US$/ozt
693,2018-02-05T00:00:00,Plata,16.35,US$/ozt
694,2018-02-05T00:00:00,Molibdeno,11.793,¢US/lb
695,2018-02-05T00:00:00,Inventarios,324225.0,TM
696,2018-03-05T00:00:00,Cobre,310.121,¢US/lb
697,2018-03-05T00:00:00,Oro,1313.3,US$/ozt
698,2018-03-05T00:00:00,Plata,16.465,US$/ozt
699,2018-03-05T00:00:00,Molibdeno,11.793,¢US/lb
700,2018-03-05T00:00:00,Inventarios,316400.0,TM
701,2018-04-05T00:00:00,Cobre,307.67,¢US/lb
702,2018-04-05T00:00:00,Oro,1309.35,US$/ozt
703,2018-04-05T00:00:00,Plata,16.42,US$/ozt
704,2018-04-05T00:00:00,Molibdeno,11.793,¢US/lb
705,2018-04-05T00:00:00,Inventarios,311375.0,TM
706,2018-07-05T00:00:00,Cobre,Feriado,¢US/lb
707,2018-07-05T00:00:00,Oro,Feriado,US$/ozt
708,2018-07-05T00:00:00,Plata,Feriado,US$/ozt
709,2018-07-05T00:00:00,Molibdeno,Feriado,¢US/lb
710,2018-07-05T00:00:00,Inventarios,Feriado,TM
711,2018-08-05T00:00:00,Cobre,304.9,¢US/lb
712,2018-08-05T00:00:00,Oro,1310.05,US$/ozt
713,2018-08-05T00:00:00,Plata,16.44,US$/ozt
714,2018-08-05T00:00:00,Molibdeno,12.15,¢US/lb
715,2018-08-05T00:00:00,Inventarios,302625.0,TM
716,2018-09-05T00:00:00,Cobre,307.81,¢US/lb
717,2018-09-05T00:00:00,Oro,1306.85,US$/ozt
718,2018-09-05T00:00:00,Plata,16.44,US$/ozt
719,2018-09-05T00:00:00,Molibdeno,11.875,¢US/lb
720,2018-09-05T00:00:00,Inventarios,293025.0,TM
721,2018-10-05T00:00:00,Cobre,311.26,¢US/lb
722,2018-10-05T00:00:00,Oro,1314.8,US$/ozt
723,2018-10-05T00:00:00,Plata,16.6,US$/ozt
724,2018-10-05T00:00:00,Molibdeno,11.75,¢US/lb
725,2018-10-05T00:00:00,Inventarios,293025.0,TM
726,2018-11-05T00:00:00,Cobre,311.573,¢US/lb
727,2018-11-05T00:00:00,Oro,1324.8,US$/ozt
728,2018-11-05T00:00:00,Plata,16.76,US$/ozt
729,2018-11-05T00:00:00,Molibdeno,11.793,¢US/lb
730,2018-11-05T00:00:00,Inventarios,281075.0,TM
731,2018-05-14T00:00:00,Cobre,309.71,¢US/lb
732,2018-05-14T00:00:00,Oro,1327.0,US$/ozt
733,2018-05-14T00:00:00,Plata,16.64,US$/ozt
734,2018-05-14T00:00:00,Molibdeno,11.793,¢US/lb
735,2018-05-14T00:00:00,Inventarios,289975.0,TM
736,2018-05-15T00:00:00,Cobre,309.46,¢US/lb
737,2018-05-15T00:00:00,Oro,1310.05,US$/ozt
738,2018-05-15T00:00:00,Plata,16.41,US$/ozt
739,2018-05-15T00:00:00,Molibdeno,11.793,¢US/lb
740,2018-05-15T00:00:00,Inventarios,291350.0,TM
741,2018-05-16T00:00:00,Cobre,307.241,¢US/lb
742,2018-05-16T00:00:00,Oro,1291.75,US$/ozt
743,2018-05-16T00:00:00,Plata,16.255,US$/ozt
744,2018-05-16T00:00:00,Molibdeno,11.793,¢US/lb
745,2018-05-16T00:00:00,Inventarios,290825.0,TM
746,2018-05-17T00:00:00,Cobre,310.167,¢US/lb
747,2018-05-17T00:00:00,Oro,1328.76,US$/ozt
748,2018-05-17T00:00:00,Plata,16.385,US$/ozt
749,2018-05-17T00:00:00,Molibdeno,11.793,¢US/lb
750,2018-05-17T00:00:00,Inventarios,300200.0,TM
751,2018-05-18T00:00:00,Cobre,307.694,¢US/lb
752,2018-05-18T00:00:00,Oro,1287.2,US$/ozt
753,2018-05-18T00:00:00,Plata,16.39,US$/ozt
754,2018-05-18T00:00:00,Molibdeno,11.793,¢US/lb
755,2018-05-18T00:00:00,Inventarios,301475.0,TM
756,2018-05-21T00:00:00,Cobre,311.21,¢US/lb
757,2018-05-21T00:00:00,Oro,1285.85,US$/ozt
758,2018-05-21T00:00:00,Plata,16.34,US$/ozt
759,2018-05-21T00:00:00,Molibdeno,11.793,¢US/lb
760,2018-05-21T00:00:00,Inventarios,302900.0,TM
761,2018-05-22T00:00:00,Cobre,314.408,¢US/lb
762,2018-05-22T00:00:00,Oro,1293.9,US$/ozt
763,2018-05-22T00:00:00,Plata,16.58,US$/ozt
764,2018-05-22T00:00:00,Molibdeno,11.793,¢US/lb
765,2018-05-22T00:00:00,Inventarios,300175.0,TM
766,2018-05-23T00:00:00,Cobre,308.443,¢US/lb
767,2018-05-23T00:00:00,Oro,1294.0,US$/ozt
768,2018-05-23T00:00:00,Plata,16.53,US$/ozt
769,2018-05-23T00:00:00,Molibdeno,11.793,¢US/lb
770,2018-05-23T00:00:00,Inventarios,298000.0,TM
771,2018-05-24T00:00:00,Cobre,310.03,¢US/lb
772,2018-05-24T00:00:00,Oro,1296.35,US$/ozt
773,2018-05-24T00:00:00,Plata,16.51,US$/ozt
774,2018-05-24T00:00:00,Molibdeno,11.793,¢US/lb
775,2018-05-24T00:00:00,Inventarios,300125.0,TM
776,2018-05-25T00:00:00,Cobre,321.344,¢US/lb
777,2018-05-25T00:00:00,Oro,1303.95,US$/ozt
778,2018-05-25T00:00:00,Plata,16.67,US$/ozt
779,2018-05-25T00:00:00,Molibdeno,11.793,¢US/lb
780,2018-05-25T00:00:00,Inventarios,293450.0,TM
781,2018-05-28T00:00:00,Cobre,FERIADO,¢US/lb
782,2018-05-28T00:00:00,Oro,FERIADO,US$/ozt
783,2018-05-28T00:00:00,Plata,FERIADO,US$/ozt
784,2018-05-28T00:00:00,Molibdeno,FERIADO,¢US/lb
785,2018-05-28T00:00:00,Inventarios,FERIADO,TM
786,2018-05-29T00:00:00,Cobre,310.325,¢US/lb
787,2018-05-29T00:00:00,Oro,1302.05,US$/ozt
788,2018-05-29T00:00:00,Plata,16.475,US$/ozt
789,2018-05-29T00:00:00,Molibdeno,11.793,¢US/lb
790,2018-05-29T00:00:00,Inventarios,295750.0,TM
791,2018-05-30T00:00:00,Cobre,308.896,¢US/lb
792,2018-05-30T00:00:00,Oro,1298.6,US$/ozt
793,2018-05-30T00:00:00,Plata,16.37,US$/ozt
794,2018-05-30T00:00:00,Molibdeno,11.793,¢US/lb
795,2018-05-30T00:00:00,Inventarios,283375.0,TM
796,2018-05-31T00:00:00,Cobre,309.577,¢US/lb
797,2018-05-31T00:00:00,Oro,1303.5,US$/ozt
798,2018-05-31T00:00:00,Plata,16.55,US$/ozt
799,2018-05-31T00:00:00,Molibdeno,11.793,¢US/lb
800,2018-05-31T00:00:00,Inventarios,311525.0,TM
801,2018-01-06T00:00:00,Cobre,309.078,¢US/lb
802,2018-01-06T00:00:00,Oro,1299.15,US$/ozt
803,2018-01-06T00:00:00,Plata,16.42,US$/ozt
804,2018-01-06T00:00:00,Molibdeno,11.793,¢US/lb
805,2018-01-06T00:00:00,Inventarios,317950.0,TM
806,2018-04-06T00:00:00,Cobre,314.566,¢US/lb
807,2018-04-06T00:00:00,Oro,1294.65,US$/ozt
808,2018-04-06T00:00:00,Plata,16.44,US$/ozt
809,2018-04-06T00:00:00,Molibdeno,11.793,¢US/lb
810,2018-04-06T00:00:00,Inventarios,315350.0,TM
811,2018-05-06T00:00:00,Cobre,316.199,¢US/lb
812,2018-05-06T00:00:00,Oro,1292.25,US$/ozt
813,2018-05-06T00:00:00,Plata,16.3850002289,US$/ozt
814,2018-05-06T00:00:00,Molibdeno,11.793,¢US/lb
815,2018-05-06T00:00:00,Inventarios,309300.0,TM
816,2018-06-06T00:00:00,Cobre,324.183,¢US/lb
817,2018-06-06T00:00:00,Oro,1295.25,US$/ozt
818,2018-06-06T00:00:00,Plata,16.545,US$/ozt
819,2018-06-06T00:00:00,Molibdeno,11.793,¢US/lb
820,2018-06-06T00:00:00,Inventarios,306750.0,TM
821,2018-07-06T00:00:00,Cobre,328.65,¢US/lb
822,2018-07-06T00:00:00,Oro,1298.3,US$/ozt
823,2018-07-06T00:00:00,Plata,16.745,US$/ozt
824,2018-07-06T00:00:00,Molibdeno,11.793,¢US/lb
825,2018-07-06T00:00:00,Inventarios,310200.0,TM
826,2018-08-06T00:00:00,Cobre,329.422,¢US/lb
827,2018-08-06T00:00:00,Oro,1299.2,US$/ozt
828,2018-08-06T00:00:00,Plata,16.72,US$/ozt
829,2018-08-06T00:00:00,Molibdeno,11.793,¢US/lb
830,2018-08-06T00:00:00,Inventarios,307075.0,TM
831,2018-11-06T00:00:00,Cobre,327.653,¢US/lb
832,2018-11-06T00:00:00,Oro,1296.05,US$/ozt
833,2018-11-06T00:00:00,Plata,16.76,US$/ozt
834,2018-11-06T00:00:00,Molibdeno,11.793,¢US/lb
835,2018-11-06T00:00:00,Inventarios,299500.0,TM
836,2018-12-06T00:00:00,Cobre,326.609,¢US/lb
837,2018-12-06T00:00:00,Oro,1298.3,US$/ozt
838,2018-12-06T00:00:00,Plata,16.855,US$/ozt
839,2018-12-06T00:00:00,Molibdeno,11.793,¢US/lb
840,2018-12-06T00:00:00,Inventarios,295725.0,TM
841,2018-06-13T00:00:00,Cobre,326.655,¢US/lb
842,2018-06-13T00:00:00,Oro,1294.4,US$/ozt
843,2018-06-13T00:00:00,Plata,16.905,US$/ozt
844,2018-06-13T00:00:00,Molibdeno,11.793,¢US/lb
845,2018-06-13T00:00:00,Inventarios,293450.0,TM
846,2018-06-14T00:00:00,Cobre,326.451,¢US/lb
847,2018-06-14T00:00:00,Oro,1305.3,US$/ozt
848,2018-06-14T00:00:00,Plata,17.125,US$/ozt
849,2018-06-14T00:00:00,Molibdeno,11.793,¢US/lb
850,2018-06-14T00:00:00,Inventarios,293550.0,TM
851,2018-06-15T00:00:00,Cobre,323.684,¢US/lb
852,2018-06-15T00:00:00,Oro,1300.1,US$/ozt
853,2018-06-15T00:00:00,Plata,17.225,US$/ozt
854,2018-06-15T00:00:00,Molibdeno,11.793,¢US/lb
855,2018-06-15T00:00:00,Inventarios,294700.0,TM
856,2018-06-18T00:00:00,Cobre,316.925,¢US/lb
857,2018-06-18T00:00:00,Oro,1281.25,US$/ozt
858,2018-06-18T00:00:00,Plata,16.605,US$/ozt
859,2018-06-18T00:00:00,Molibdeno,11.793,¢US/lb
860,2018-06-18T00:00:00,Inventarios,294275.0,TM
861,2018-06-19T00:00:00,Cobre,309.35,¢US/lb
862,2018-06-19T00:00:00,Oro,1279.0,US$/ozt
863,2018-06-19T00:00:00,Plata,16.355,US$/ozt
864,2018-06-19T00:00:00,Molibdeno,11.793,¢US/lb
865,2018-06-19T00:00:00,Inventarios,294550.0,TM
866,2018-06-20T00:00:00,Cobre,309.305,¢US/lb
867,2018-06-20T00:00:00,Oro,1273.25,US$/ozt
868,2018-06-20T00:00:00,Plata,16.285,US$/ozt
869,2018-06-20T00:00:00,Molibdeno,11.793,¢US/lb
870,2018-06-20T00:00:00,Inventarios,308975.0,TM
871,2018-06-21T00:00:00,Cobre,308.488,¢US/lb
872,2018-06-21T00:00:00,Oro,1263.7,US$/ozt
873,2018-06-21T00:00:00,Plata,16.245,US$/ozt
874,2018-06-21T00:00:00,Molibdeno,11.793,¢US/lb
875,2018-06-21T00:00:00,Inventarios,307675.0,TM
876,2018-06-22T00:00:00,Cobre,308.942,¢US/lb
877,2018-06-22T00:00:00,Oro,1269.7,US$/ozt
878,2018-06-22T00:00:00,Plata,16.425,US$/ozt
879,2018-06-22T00:00:00,Molibdeno,11.793,¢US/lb
880,2018-06-22T00:00:00,Inventarios,305975.0,TM
881,2018-06-25T00:00:00,Cobre,307.672,¢US/lb
882,2018-06-25T00:00:00,Oro,1269.8,US$/ozt
883,2018-06-25T00:00:00,Plata,16.375,US$/ozt
884,2018-06-25T00:00:00,Molibdeno,11.793,¢US/lb
885,2018-06-25T00:00:00,Inventarios,305525.0,TM
886,2018-06-26T00:00:00,Cobre,304.451,¢US/lb
887,2018-06-26T00:00:00,Oro,1257.15,US$/ozt
888,2018-06-26T00:00:00,Plata,16.225,US$/ozt
889,2018-06-26T00:00:00,Molibdeno,11.793,¢US/lb
890,2018-06-26T00:00:00,Inventarios,303100.0,TM
891,2018-06-27T00:00:00,Cobre,303.363,¢US/lb
892,2018-06-27T00:00:00,Oro,1256.8,US$/ozt
893,2018-06-27T00:00:00,Plata,16.21,US$/ozt
894,2018-06-27T00:00:00,Molibdeno,11.793,¢US/lb
895,2018-06-27T00:00:00,Inventarios,298775.0,TM
896,2018-06-28T00:00:00,Cobre,301.639,¢US/lb
897,2018-06-28T00:00:00,Oro,1250.5,US$/ozt
898,2018-06-28T00:00:00,Plata,16.11,US$/ozt
899,2018-06-28T00:00:00,Molibdeno,11.793,¢US/lb
900,2018-06-28T00:00:00,Inventarios,298250.0,TM
901,2018-06-29T00:00:00,Cobre,301.458,¢US/lb
902,2018-06-29T00:00:00,Oro,1250.55,US$/ozt
903,2018-06-29T00:00:00,Plata,16.03,US$/ozt
904,2018-06-29T00:00:00,Molibdeno,11.793,¢US/lb
905,2018-06-29T00:00:00,Inventarios,294525.0,TM
906,2018-02-07T00:00:00,Cobre,299.144,¢US/lb
907,2018-02-07T00:00:00,Oro,1249.0,US$/ozt
908,2018-02-07T00:00:00,Plata,15.98,US$/ozt
909,2018-02-07T00:00:00,Molibdeno,11.793,¢US/lb
910,2018-02-07T00:00:00,Inventarios,289875.0,TM
911,2018-03-07T00:00:00,Cobre,298.668,¢US/lb
912,2018-03-07T00:00:00,Oro,1245.85,US$/ozt
913,2018-03-07T00:00:00,Plata,15.93,US$/ozt
914,2018-03-07T00:00:00,Molibdeno,11.793,¢US/lb
915,2018-03-07T00:00:00,Inventarios,286525.0,TM
916,2018-04-07T00:00:00,Cobre,292.975,¢US/lb
917,2018-04-07T00:00:00,Oro,1256.9,US$/ozt
918,2018-04-07T00:00:00,Plata,16.0450000763,US$/ozt
919,2018-04-07T00:00:00,Molibdeno,11.793,¢US/lb
920,2018-04-07T00:00:00,Inventarios,282225.0,TM
921,2018-05-07T00:00:00,Cobre,290.277,¢US/lb
922,2018-05-07T00:00:00,Oro,1252.5,US$/ozt
923,2018-05-07T00:00:00,Plata,15.95,US$/ozt
924,2018-05-07T00:00:00,Molibdeno,11.793,¢US/lb
925,2018-05-07T00:00:00,Inventarios,279000.0,TM
926,2018-06-07T00:00:00,Cobre,286.943,¢US/lb
927,2018-06-07T00:00:00,Oro,1254.2,US$/ozt
928,2018-06-07T00:00:00,Plata,15.995,US$/ozt
929,2018-06-07T00:00:00,Molibdeno,11.793,¢US/lb
930,2018-06-07T00:00:00,Inventarios,275475.0,TM
931,2018-09-07T00:00:00,Cobre,289.528,¢US/lb
932,2018-09-07T00:00:00,Oro,1262.6,US$/ozt
933,2018-09-07T00:00:00,Plata,16.205,US$/ozt
934,2018-09-07T00:00:00,Molibdeno,11.793,¢US/lb
935,2018-09-07T00:00:00,Inventarios,270550.0,TM
936,2018-10-07T00:00:00,Cobre,286.126,¢US/lb
937,2018-10-07T00:00:00,Oro,1253.7,US$/ozt
938,2018-10-07T00:00:00,Plata,15.93,US$/ozt
939,2018-10-07T00:00:00,Molibdeno,11.793,¢US/lb
940,2018-10-07T00:00:00,Inventarios,270625.0,TM
941,2018-11-07T00:00:00,Cobre,280.411,¢US/lb
942,2018-11-07T00:00:00,Oro,1250.0,US$/ozt
943,2018-11-07T00:00:00,Plata,15.915,US$/ozt
944,2018-11-07T00:00:00,Molibdeno,11.793,¢US/lb
945,2018-11-07T00:00:00,Inventarios,265475.0,TM
946,2018-12-07T00:00:00,Cobre,280.003,¢US/lb
947,2018-12-07T00:00:00,Oro,1244.85,US$/ozt
948,2018-12-07T00:00:00,Plata,15.84,US$/ozt
949,2018-12-07T00:00:00,Molibdeno,11.793,¢US/lb
950,2018-12-07T00:00:00,Inventarios,262750.0,TM
951,2018-07-13T00:00:00,Cobre,279.685,¢US/lb
952,2018-07-13T00:00:00,Oro,1240.5,US$/ozt
953,2018-07-13T00:00:00,Plata,15.81,US$/ozt
954,2018-07-13T00:00:00,Molibdeno,11.793,¢US/lb
955,2018-07-13T00:00:00,Inventarios,258725.0,TM
956,2018-07-16T00:00:00,Cobre,278.642,¢US/lb
957,2018-07-16T00:00:00,Oro,1244.9,US$/ozt
958,2018-07-16T00:00:00,Plata,15.81,US$/ozt
959,2018-07-16T00:00:00,Molibdeno,11.793,¢US/lb
960,2018-07-16T00:00:00,Inventarios,257200.0,TM
961,2018-07-17T00:00:00,Cobre,278574.0,¢US/lb
962,2018-07-17T00:00:00,Oro,1243.65,US$/ozt
963,2018-07-17T00:00:00,Plata,15.77,US$/ozt
964,2018-07-17T00:00:00,Molibdeno,11.793,¢US/lb
965,2018-07-17T00:00:00,Inventarios,259725.0,TM
966,2018-07-18T00:00:00,Cobre,275240.0,¢US/lb
967,2018-07-18T00:00:00,Oro,1223.45,US$/ozt
968,2018-07-18T00:00:00,Plata,15.44,US$/ozt
969,2018-07-18T00:00:00,Molibdeno,11.793,¢US/lb
970,2018-07-18T00:00:00,Inventarios,257350.0,TM
971,2018-07-19T00:00:00,Cobre,271.339,¢US/lb
972,2018-07-19T00:00:00,Oro,1217.4,US$/ozt
973,2018-07-19T00:00:00,Plata,15.26,US$/ozt
974,2018-07-19T00:00:00,Molibdeno,11.793,¢US/lb
975,2018-07-19T00:00:00,Inventarios,256475.0,TM
976,2018-07-20T00:00:00,Cobre,275.467,¢US/lb
977,2018-07-20T00:00:00,Oro,1224.85,US$/ozt
978,2018-07-20T00:00:00,Plata,15.37,US$/ozt
979,2018-07-20T00:00:00,Molibdeno,11.793,¢US/lb
980,2018-07-20T00:00:00,Inventarios,255325.0,TM
981,2018-07-23T00:00:00,Cobre,279.095,¢US/lb
982,2018-07-23T00:00:00,Oro,1229.45,US$/ozt
983,2018-07-23T00:00:00,Plata,15.485,US$/ozt
984,2018-07-23T00:00:00,Molibdeno,11.793,¢US/lb
985,2018-07-23T00:00:00,Inventarios,254700.0,TM
986,2018-07-24T00:00:00,Cobre,279.73,¢US/lb
987,2018-07-24T00:00:00,Oro,1224.3,US$/ozt
988,2018-07-24T00:00:00,Plata,15.51,US$/ozt
989,2018-07-24T00:00:00,Molibdeno,11.793,¢US/lb
990,2018-07-24T00:00:00,Inventarios,254425.0,TM
991,2018-07-25T00:00:00,Cobre,283.586,¢US/lb
992,2018-07-25T00:00:00,Oro,1230.55,US$/ozt
993,2018-07-25T00:00:00,Plata,15.565,US$/ozt
994,2018-07-25T00:00:00,Molibdeno,11.793,¢US/lb
995,2018-07-25T00:00:00,Inventarios,252400.0,TM
996,2018-07-26T00:00:00,Cobre,283.722,¢US/lb
997,2018-07-26T00:00:00,Oro,1228.35,US$/ozt
998,2018-07-26T00:00:00,Plata,15.535,US$/ozt
999,2018-07-26T00:00:00,Molibdeno,11.793,¢US/lb
1000,2018-07-26T00:00:00,Inventarios,251950.0,TM
1001,2018-07-27T00:00:00,Cobre,283.563,¢US/lb
1002,2018-07-27T00:00:00,Oro,1219.15,US$/ozt
1003,2018-07-27T00:00:00,Plata,15.355,US$/ozt
1004,2018-07-27T00:00:00,Molibdeno,11.793,¢US/lb
1005,2018-07-27T00:00:00,Inventarios,253525.0,TM
1006,2018-07-30T00:00:00,Cobre,280.547,¢US/lb
1007,2018-07-30T00:00:00,Oro,1222.05,US$/ozt
1008,2018-07-30T00:00:00,Plata,15.49,US$/ozt
1009,2018-07-30T00:00:00,Molibdeno,11.793,¢US/lb
1010,2018-07-30T00:00:00,Inventarios,256275.0,TM
1011,2018-07-31T00:00:00,Cobre,281.817,¢US/lb
1012,2018-07-31T00:00:00,Oro,1219.2,US$/ozt
1013,2018-07-31T00:00:00,Plata,15.43,US$/ozt
1014,2018-07-31T00:00:00,Molibdeno,11.793,¢US/lb
1015,2018-07-31T00:00:00,Inventarios,254425.0,TM
1016,2018-01-08T00:00:00,Cobre,278.37,¢US/lb
1017,2018-01-08T00:00:00,Oro,1222.75,US$/ozt
1018,2018-01-08T00:00:00,Plata,15.475,US$/ozt
1019,2018-01-08T00:00:00,Molibdeno,11.793,¢US/lb
1020,2018-01-08T00:00:00,Inventarios,251950.0,TM
1021,2018-02-08T00:00:00,Cobre,275.013,¢US/lb
1022,2018-02-08T00:00:00,Oro,1217.6,US$/ozt
1023,2018-02-08T00:00:00,Plata,15.45,US$/ozt
1024,2018-02-08T00:00:00,Molibdeno,11.793,¢US/lb
1025,2018-02-08T00:00:00,Inventarios,251450.0,TM
1026,2018-03-08T00:00:00,Cobre,279.73,¢US/lb
1027,2018-03-08T00:00:00,Oro,1207.7,US$/ozt
1028,2018-03-08T00:00:00,Plata,15.36,US$/ozt
1029,2018-03-08T00:00:00,Molibdeno,11.793,¢US/lb
1030,2018-03-08T00:00:00,Inventarios,250625.0,TM
1031,2018-06-08T00:00:00,Cobre,273.97,¢US/lb
1032,2018-06-08T00:00:00,Oro,1221.0,US$/ozt
1033,2018-06-08T00:00:00,Plata,15.345,US$/ozt
1034,2018-06-08T00:00:00,Molibdeno,11.793,¢US/lb
1035,2018-06-08T00:00:00,Inventarios,249900.0,TM
1036,2018-07-08T00:00:00,Cobre,278.143,¢US/lb
1037,2018-07-08T00:00:00,Oro,1215.4,US$/ozt
1038,2018-07-08T00:00:00,Plata,15.465,US$/ozt
1039,2018-07-08T00:00:00,Molibdeno,11.793,¢US/lb
1040,2018-07-08T00:00:00,Inventarios,248050.0,TM
1041,2018-08-08T00:00:00,Cobre,277.281,¢US/lb
1042,2018-08-08T00:00:00,Oro,1212.35,US$/ozt
1043,2018-08-08T00:00:00,Plata,15.345,US$/ozt
1044,2018-08-08T00:00:00,Molibdeno,11.793,¢US/lb
1045,2018-08-08T00:00:00,Inventarios,249150.0,TM
1046,2018-09-08T00:00:00,Cobre,283359.0,¢US/lb
1047,2018-09-08T00:00:00,Oro,1215.5,US$/ozt
1048,2018-09-08T00:00:00,Plata,15.48,US$/ozt
1049,2018-09-08T00:00:00,Molibdeno,11.793,¢US/lb
1050,2018-09-08T00:00:00,Inventarios,252150.0,TM
1051,2018-10-08T00:00:00,Cobre,277.599,¢US/lb
1052,2018-10-08T00:00:00,Oro,1211.65,US$/ozt
1053,2018-10-08T00:00:00,Plata,15.375,US$/ozt
1054,2018-10-08T00:00:00,Molibdeno,11.793,¢US/lb
1055,2018-10-08T00:00:00,Inventarios,253525.0,TM
1056,2018-08-13T00:00:00,Cobre,275.83,¢US/lb
1057,2018-08-13T00:00:00,Oro,1204.4,US$/ozt
1058,2018-08-13T00:00:00,Plata,15.185,US$/ozt
1059,2018-08-13T00:00:00,Molibdeno,11.793,¢US/lb
1060,2018-08-13T00:00:00,Inventarios,254400.0,TM
1061,2018-08-14T00:00:00,Cobre,274.832,¢US/lb
1062,2018-08-14T00:00:00,Oro,1195.3,US$/ozt
1063,2018-08-14T00:00:00,Plata,15.035,US$/ozt
1064,2018-08-14T00:00:00,Molibdeno,11.793,¢US/lb
1065,2018-08-14T00:00:00,Inventarios,254875.0,TM
1066,2018-08-15T00:00:00,Cobre,265.034,¢US/lb
1067,2018-08-15T00:00:00,Oro,1186.7,US$/ozt
1068,2018-08-15T00:00:00,Plata,14.825,US$/ozt
1069,2018-08-15T00:00:00,Molibdeno,11.793,¢US/lb
1070,2018-08-15T00:00:00,Inventarios,257625.0,TM
1071,2018-08-16T00:00:00,Cobre,265.805,¢US/lb
1072,2018-08-16T00:00:00,Oro,1179.65,US$/ozt
1073,2018-08-16T00:00:00,Plata,14.605,US$/ozt
1074,2018-08-16T00:00:00,Molibdeno,11.793,¢US/lb
1075,2018-08-16T00:00:00,Inventarios,257400.0,TM
1076,2018-08-17T00:00:00,Cobre,265.079,¢US/lb
1077,2018-08-17T00:00:00,Oro,1176.7,US$/ozt
1078,2018-08-17T00:00:00,Plata,14.66,US$/ozt
1079,2018-08-17T00:00:00,Molibdeno,11.793,¢US/lb
1080,2018-08-17T00:00:00,Inventarios,258850.0,TM
1081,2017-08-20T00:00:00,Cobre,270.477,¢US/lb
1082,2017-08-20T00:00:00,Oro,1188.75,US$/ozt
1083,2017-08-20T00:00:00,Plata,14.755,US$/ozt
1084,2017-08-20T00:00:00,Molibdeno,11.793,¢US/lb
1085,2017-08-20T00:00:00,Inventarios,259250.0,TM
1086,2018-08-21T00:00:00,Cobre,273.312,¢US/lb
1087,2018-08-21T00:00:00,Oro,1194.1,US$/ozt
1088,2018-08-21T00:00:00,Plata,14.785,US$/ozt
1089,2018-08-21T00:00:00,Molibdeno,11.793,¢US/lb
1090,2018-08-21T00:00:00,Inventarios,261250.0,TM
1091,2018-08-22T00:00:00,Cobre,272.155,¢US/lb
1092,2018-08-22T00:00:00,Oro,1196.85,US$/ozt
1093,2018-08-22T00:00:00,Plata,14.81,US$/ozt
1094,2018-08-22T00:00:00,Molibdeno,11.793,¢US/lb
1095,2018-08-22T00:00:00,Inventarios,262850.0,TM
1096,2018-08-23T00:00:00,Cobre,268.096,¢US/lb
1097,2018-08-23T00:00:00,Oro,1187.3,US$/ozt
1098,2018-08-23T00:00:00,Plata,14.625,US$/ozt
1099,2018-08-23T00:00:00,Molibdeno,11.793,¢US/lb
1100,2018-08-23T00:00:00,Inventarios,266850.0,TM
1101,2018-08-24T00:00:00,Cobre,272.201,¢US/lb
1102,2018-08-24T00:00:00,Oro,1189.95,US$/ozt
1103,2018-08-24T00:00:00,Plata,14.62,US$/ozt
1104,2018-08-24T00:00:00,Molibdeno,11.793,¢US/lb
1105,2018-08-24T00:00:00,Inventarios,267075.0,TM
1106,2018-08-27T00:00:00,Cobre,FERIADO,¢US/lb
1107,2018-08-27T00:00:00,Oro,FERIADO,US$/ozt
1108,2018-08-27T00:00:00,Plata,FERIADO,US$/ozt
1109,2018-08-27T00:00:00,Molibdeno,FERIADO,¢US/lb
1110,2018-08-27T00:00:00,Inventarios,267075.0,TM
1111,2018-08-28T00:00:00,Cobre,277508.0,¢US/lb
1112,2018-08-28T00:00:00,Oro,1212.75,US$/ozt
1113,2018-08-28T00:00:00,Plata,14.9,US$/ozt
1114,2018-08-28T00:00:00,Molibdeno,11.793,¢US/lb
1115,2018-08-28T00:00:00,Inventarios,268175.0,TM
1116,2018-08-29T00:00:00,Cobre,275.104,¢US/lb
1117,2018-08-29T00:00:00,Oro,1204.3,US$/ozt
1118,2018-08-29T00:00:00,Plata,14.69,US$/ozt
1119,2018-08-29T00:00:00,Molibdeno,11.793,¢US/lb
1120,2018-08-29T00:00:00,Inventarios,267850.0,TM
1121,2018-08-30T00:00:00,Cobre,275.172,¢US/lb
1122,2018-08-30T00:00:00,Oro,1202.35,US$/ozt
1123,2018-08-30T00:00:00,Plata,14.665,US$/ozt
1124,2018-08-30T00:00:00,Molibdeno,11.793,¢US/lb
1125,2018-08-30T00:00:00,Inventarios,266450.0,TM
1126,2018-08-31T00:00:00,Cobre,273.017,¢US/lb
1127,2018-08-31T00:00:00,Oro,1206.85,US$/ozt
1128,2018-08-31T00:00:00,Plata,14.655,US$/ozt
1129,2018-08-31T00:00:00,Molibdeno,11.793,¢US/lb
1130,2018-08-31T00:00:00,Inventarios,264925.0,TM
1131,2018-03-09T00:00:00,Cobre,269.933,¢US/lb
1132,2018-03-09T00:00:00,Oro,1201.7,US$/ozt
1133,2018-03-09T00:00:00,Plata,14.525,US$/ozt
1134,2018-03-09T00:00:00,Molibdeno,11.793,¢US/lb
1135,2018-03-09T00:00:00,Inventarios,262475.0,TM
1136,2018-04-09T00:00:00,Cobre,264.127,¢US/lb
1137,2018-04-09T00:00:00,Oro,1195.75,US$/ozt
1138,2018-04-09T00:00:00,Plata,14.25,US$/ozt
1139,2018-04-09T00:00:00,Molibdeno,11.793,¢US/lb
1140,2018-04-09T00:00:00,Inventarios,262900.0,TM
1141,2018-05-09T00:00:00,Cobre,265.352,¢US/lb
1142,2018-05-09T00:00:00,Oro,1194.7,US$/ozt
1143,2018-05-09T00:00:00,Plata,14.17,US$/ozt
1144,2018-05-09T00:00:00,Molibdeno,11.793,¢US/lb
1145,2018-05-09T00:00:00,Inventarios,262100.0,TM
1146,2018-06-09T00:00:00,Cobre,269.434,¢US/lb
1147,2018-06-09T00:00:00,Oro,1204.3,US$/ozt
1148,2018-06-09T00:00:00,Plata,14.265,US$/ozt
1149,2018-06-09T00:00:00,Molibdeno,11.793,¢US/lb
1150,2018-06-09T00:00:00,Inventarios,254350.0,TM
1151,2018-07-09T00:00:00,Cobre,266.848,¢US/lb
1152,2018-07-09T00:00:00,Oro,1200.75,US$/ozt
1153,2018-07-09T00:00:00,Plata,14.185,US$/ozt
1154,2018-07-09T00:00:00,Molibdeno,11.793,¢US/lb
1155,2018-07-09T00:00:00,Inventarios,246175.0,TM
1156,2018-10-09T00:00:00,Cobre,264.921,¢US/lb
1157,2018-10-09T00:00:00,Oro,1195.8,US$/ozt
1158,2018-10-09T00:00:00,Plata,14.215,US$/ozt
1159,2018-10-09T00:00:00,Molibdeno,11.793,¢US/lb
1160,2018-10-09T00:00:00,Inventarios,238750.0,TM
1161,2018-11-09T00:00:00,Cobre,265.306,¢US/lb
1162,2018-11-09T00:00:00,Oro,1194.0,US$/ozt
1163,2018-11-09T00:00:00,Plata,14.125,US$/ozt
1164,2018-11-09T00:00:00,Molibdeno,11.793,¢US/lb
1165,2018-11-09T00:00:00,Inventarios,234300.0,TM
1166,2018-12-09T00:00:00,Cobre,267.211,¢US/lb
1167,2018-12-09T00:00:00,Oro,1197.8,US$/ozt
1168,2018-12-09T00:00:00,Plata,14.155,US$/ozt
1169,2018-12-09T00:00:00,Molibdeno,11.793,¢US/lb
1170,2018-12-09T00:00:00,Inventarios,233025.0,TM
1171,2018-09-13T00:00:00,Cobre,271.747,¢US/lb
1172,2018-09-13T00:00:00,Oro,1206.65,US$/ozt
1173,2018-09-13T00:00:00,Plata,14.155,US$/ozt
1174,2018-09-13T00:00:00,Molibdeno,11.793,¢US/lb
1175,2018-09-13T00:00:00,Inventarios,225125.0,TM
1176,2018-09-14T00:00:00,Cobre,269.729,¢US/lb
1177,2018-09-14T00:00:00,Oro,1206.2,US$/ozt
1178,2018-09-14T00:00:00,Plata,14.215,US$/ozt
1179,2018-09-14T00:00:00,Molibdeno,11.793,¢US/lb
1180,2018-09-14T00:00:00,Inventarios,225900.0,TM
1181,2018-09-17T00:00:00,Cobre,265.805,¢US/lb
1182,2018-09-17T00:00:00,Oro,1196.8,US$/ozt
1183,2018-09-17T00:00:00,Plata,14.17,US$/ozt
1184,2018-09-17T00:00:00,Molibdeno,11.793,¢US/lb
1185,2018-09-17T00:00:00,Inventarios,221925.0,TM
1186,2018-09-18T00:00:00,Cobre,272.292,¢US/lb
1187,2018-09-18T00:00:00,Oro,1199.4,US$/ozt
1188,2018-09-18T00:00:00,Plata,14.21,US$/ozt
1189,2018-09-18T00:00:00,Molibdeno,11.793,¢US/lb
1190,2018-09-18T00:00:00,Inventarios,214150.0,TM
1191,2018-09-19T00:00:00,Cobre,274.741,¢US/lb
1192,2018-09-19T00:00:00,Oro,1203.0,US$/ozt
1193,2018-09-19T00:00:00,Plata,14.185,US$/ozt
1194,2018-09-19T00:00:00,Molibdeno,11.793,¢US/lb
1195,2018-09-19T00:00:00,Inventarios,217600.0,TM
1196,2018-09-20T00:00:00,Cobre,274.741,¢US/lb
1197,2018-09-20T00:00:00,Oro,1203.0,US$/ozt
1198,2018-09-20T00:00:00,Plata,14.23,US$/ozt
1199,2018-09-20T00:00:00,Molibdeno,11.793,¢US/lb
1200,2018-09-20T00:00:00,Inventarios,215000.0,TM
1201,2018-09-21T00:00:00,Cobre,281.363,¢US/lb
1202,2018-09-21T00:00:00,Oro,1207.6,US$/ozt
1203,2018-09-21T00:00:00,Plata,14.33,US$/ozt
1204,2018-09-21T00:00:00,Molibdeno,11.793,¢US/lb
1205,2018-09-21T00:00:00,Inventarios,216600.0,TM
1206,2018-09-24T00:00:00,Cobre,286.67,¢US/lb
1207,2018-09-24T00:00:00,Oro,1198.75,US$/ozt
1208,2018-09-24T00:00:00,Plata,14.315,US$/ozt
1209,2018-09-24T00:00:00,Molibdeno,11.793,¢US/lb
1210,2018-09-24T00:00:00,Inventarios,214350.0,TM
1211,2018-09-25T00:00:00,Cobre,284.675,¢US/lb
1212,2018-09-25T00:00:00,Oro,1199.15,US$/ozt
1213,2018-09-25T00:00:00,Plata,14.29,US$/ozt
1214,2018-09-25T00:00:00,Molibdeno,11.793,¢US/lb
1215,2018-09-25T00:00:00,Inventarios,212925.0,TM
1216,2018-09-26T00:00:00,Cobre,283.836,¢US/lb
1217,2018-09-26T00:00:00,Oro,1198.8,US$/ozt
1218,2018-09-26T00:00:00,Plata,14.475,US$/ozt
1219,2018-09-26T00:00:00,Molibdeno,11.793,¢US/lb
1220,2018-09-26T00:00:00,Inventarios,210900.0,TM
1221,2018-09-27T00:00:00,Cobre,282.225,¢US/lb
1222,2018-09-27T00:00:00,Oro,1196.0,US$/ozt
1223,2018-09-27T00:00:00,Plata,14.42,US$/ozt
1224,2018-09-27T00:00:00,Molibdeno,11.793,¢US/lb
1225,2018-09-27T00:00:00,Inventarios,209900.0,TM
1226,2018-09-28T00:00:00,Cobre,280.32,¢US/lb
1227,2018-09-28T00:00:00,Oro,1183.5,US$/ozt
1228,2018-09-28T00:00:00,Plata,14.305,US$/ozt
1229,2018-09-28T00:00:00,Molibdeno,11.793,¢US/lb
1230,2018-09-28T00:00:00,Inventarios,202400.0,TM
1231,2018-01-10T00:00:00,Cobre,279.957,¢US/lb
1232,2018-01-10T00:00:00,Oro,1185.3,US$/ozt
1233,2018-01-10T00:00:00,Plata,14.55,US$/ozt
1234,2018-01-10T00:00:00,Molibdeno,11.793,¢US/lb
1235,2018-01-10T00:00:00,Inventarios,199125.0,TM
1236,2018-02-10T00:00:00,Cobre,284.584,¢US/lb
1237,2018-02-10T00:00:00,Oro,1192.65,US$/ozt
1238,2018-02-10T00:00:00,Plata,14.505,US$/ozt
1239,2018-02-10T00:00:00,Molibdeno,11.793,¢US/lb
1240,2018-02-10T00:00:00,Inventarios,196600.0,TM
1241,2018-03-10T00:00:00,Cobre,284.629,¢US/lb
1242,2018-03-10T00:00:00,Oro,1203.5,US$/ozt
1243,2018-03-10T00:00:00,Plata,14.735,US$/ozt
1244,2018-03-10T00:00:00,Molibdeno,11.793,¢US/lb
1245,2018-03-10T00:00:00,Inventarios,194175.0,TM
1246,2018-04-10T00:00:00,Cobre,286.217,¢US/lb
1247,2018-04-10T00:00:00,Oro,1199.45,US$/ozt
1248,2018-04-10T00:00:00,Plata,14.63,US$/ozt
1249,2018-04-10T00:00:00,Molibdeno,11.793,¢US/lb
1250,2018-04-10T00:00:00,Inventarios,188950.0,TM
1251,2018-05-10T00:00:00,Cobre,280.434,¢US/lb
1252,2018-05-10T00:00:00,Oro,1201.1,US$/ozt
1253,2018-05-10T00:00:00,Plata,14.635,US$/ozt
1254,2018-05-10T00:00:00,Molibdeno,11.793,¢US/lb
1255,2018-05-10T00:00:00,Inventarios,186800.0,TM
1256,2018-08-10T00:00:00,Cobre,279.821,¢US/lb
1257,2018-08-10T00:00:00,Oro,1194.8,US$/ozt
1258,2018-08-10T00:00:00,Plata,14.465,US$/ozt
1259,2018-08-10T00:00:00,Molibdeno,11.793,¢US/lb
1260,2018-08-10T00:00:00,Inventarios,181975.0,TM
1261,2018-09-10T00:00:00,Cobre,282.089,¢US/lb
1262,2018-09-10T00:00:00,Oro,1187.4,US$/ozt
1263,2018-09-10T00:00:00,Plata,14.325,US$/ozt
1264,2018-09-10T00:00:00,Molibdeno,11.793,¢US/lb
1265,2018-09-10T00:00:00,Inventarios,177850.0,TM
1266,2018-10-10T00:00:00,Cobre,285.491,¢US/lb
1267,2018-10-10T00:00:00,Oro,1186.4,US$/ozt
1268,2018-10-10T00:00:00,Plata,14.375,US$/ozt
1269,2018-10-10T00:00:00,Molibdeno,11.793,¢US/lb
1270,2018-10-10T00:00:00,Inventarios,173500.0,TM
1271,2018-11-10T00:00:00,Cobre,279.186,¢US/lb
1272,2018-11-10T00:00:00,Oro,1201.1,US$/ozt
1273,2018-11-10T00:00:00,Plata,14.4,US$/ozt
1274,2018-11-10T00:00:00,Molibdeno,11.793,¢US/lb
1275,2018-11-10T00:00:00,Inventarios,170100.0,TM
1276,2018-12-10T00:00:00,Cobre,286.897,¢US/lb
1277,2018-12-10T00:00:00,Oro,1218.75,US$/ozt
1278,2018-12-10T00:00:00,Plata,14.6,US$/ozt
1279,2018-12-10T00:00:00,Molibdeno,11.793,¢US/lb
1280,2018-12-10T00:00:00,Inventarios,166600.0,TM
1281,2018-10-15T00:00:00,Cobre,285.582,¢US/lb
1282,2018-10-15T00:00:00,Oro,1233.0,US$/ozt
1283,2018-10-15T00:00:00,Plata,14.74,US$/ozt
1284,2018-10-15T00:00:00,Molibdeno,11.793,¢US/lb
1285,2018-10-15T00:00:00,Inventarios,161700.0,TM
1286,2018-10-16T00:00:00,Cobre,281.318,¢US/lb
1287,2018-10-16T00:00:00,Oro,1228.85,US$/ozt
1288,2018-10-16T00:00:00,Plata,14.755,US$/ozt
1289,2018-10-16T00:00:00,Molibdeno,11.793,¢US/lb
1290,2018-10-16T00:00:00,Inventarios,164175.0,TM
1291,2018-10-17T00:00:00,Cobre,283.45,¢US/lb
1292,2018-10-17T00:00:00,Oro,1226.75,US$/ozt
1293,2018-10-17T00:00:00,Plata,14.65,US$/ozt
1294,2018-10-17T00:00:00,Molibdeno,11.793,¢US/lb
1295,2018-10-17T00:00:00,Inventarios,160900.0,TM
1296,2018-10-18T00:00:00,Cobre,278.823,¢US/lb
1297,2018-10-18T00:00:00,Oro,1224.6,US$/ozt
1298,2018-10-18T00:00:00,Plata,14.515,US$/ozt
1299,2018-10-18T00:00:00,Molibdeno,11.793,¢US/lb
1300,2018-10-18T00:00:00,Inventarios,158300.0,TM
1301,2018-10-19T00:00:00,Cobre,280.842,¢US/lb
1302,2018-10-19T00:00:00,Oro,1228.25,US$/ozt
1303,2018-10-19T00:00:00,Plata,14.61,US$/ozt
1304,2018-10-19T00:00:00,Molibdeno,11.793,¢US/lb
1305,2018-10-19T00:00:00,Inventarios,153950.0,TM
1306,2018-10-22T00:00:00,Cobre,285.038,¢US/lb
1307,2018-10-22T00:00:00,Oro,1222.9,US$/ozt
1308,2018-10-22T00:00:00,Plata,14.63,US$/ozt
1309,2018-10-22T00:00:00,Molibdeno,11.793,¢US/lb
1310,2018-10-22T00:00:00,Inventarios,154225.0,TM
1311,2018-10-23T00:00:00,Cobre,279.753,¢US/lb
1312,2018-10-23T00:00:00,Oro,1253.6,US$/ozt
1313,2018-10-23T00:00:00,Plata,14.715,US$/ozt
1314,2018-10-23T00:00:00,Molibdeno,11.793,¢US/lb
1315,2018-10-23T00:00:00,Inventarios,151100.0,TM
1316,2018-10-24T00:00:00,Cobre,281.908,¢US/lb
1317,2018-10-24T00:00:00,Oro,1231.65,US$/ozt
1318,2018-10-24T00:00:00,Plata,14.745,US$/ozt
1319,2018-10-24T00:00:00,Molibdeno,11.793,¢US/lb
1320,2018-10-24T00:00:00,Inventarios,152225.0,TM
1321,2018-10-25T00:00:00,Cobre,281.681,¢US/lb
1322,2018-10-25T00:00:00,Oro,1232.15,US$/ozt
1323,2018-10-25T00:00:00,Plata,14.74,US$/ozt
1324,2018-10-25T00:00:00,Molibdeno,11.793,¢US/lb
1325,2018-10-25T00:00:00,Inventarios,149575.0,TM
1326,2018-10-26T00:00:00,Cobre,279.368,¢US/lb
1327,2018-10-26T00:00:00,Oro,1236.06,US$/ozt
1328,2018-10-26T00:00:00,Plata,14.69,US$/ozt
1329,2018-10-26T00:00:00,Molibdeno,11.793,¢US/lb
1330,2018-10-26T00:00:00,Inventarios,146350.0,TM
1331,2018-10-29T00:00:00,Cobre,283.949,¢US/lb
1332,2018-10-29T00:00:00,Oro,1230.75,US$/ozt
1333,2018-10-29T00:00:00,Plata,14.65,US$/ozt
1334,2018-10-29T00:00:00,Molibdeno,11.793,¢US/lb
1335,2018-10-29T00:00:00,Inventarios,143125.0,TM
1336,2018-10-30T00:00:00,Cobre,278.324,¢US/lb
1337,2018-10-30T00:00:00,Oro,1220.0,US$/ozt
1338,2018-10-30T00:00:00,Plata,14.425,US$/ozt
1339,2018-10-30T00:00:00,Molibdeno,11.793,¢US/lb
1340,2018-10-30T00:00:00,Inventarios,139250.0,TM
1341,2018-10-31T00:00:00,Cobre,275.467,¢US/lb
1342,2018-10-31T00:00:00,Oro,1217.7,US$/ozt
1343,2018-10-31T00:00:00,Plata,14.34,US$/ozt
1344,2018-10-31T00:00:00,Molibdeno,11.793,¢US/lb
1345,2018-10-31T00:00:00,Inventarios,137625.0,TM
1346,2018-01-11T00:00:00,Cobre,275.331,¢US/lb
1347,2018-01-11T00:00:00,Oro,1223.25,US$/ozt
1348,2018-01-11T00:00:00,Plata,14.45,US$/ozt
1349,2018-01-11T00:00:00,Molibdeno,11.793,¢US/lb
1350,2018-01-11T00:00:00,Inventarios,136675.0,TM
1351,2018-02-11T00:00:00,Cobre,283.722,¢US/lb
1352,2018-02-11T00:00:00,Oro,1235.5,US$/ozt
1353,2018-02-11T00:00:00,Plata,14.82,US$/ozt
1354,2018-02-11T00:00:00,Molibdeno,11.793,¢US/lb
1355,2018-02-11T00:00:00,Inventarios,180375.0,TM
1356,2018-05-11T00:00:00,Cobre,282.996,¢US/lb
1357,2018-05-11T00:00:00,Oro,1231.6,US$/ozt
1358,2018-05-11T00:00:00,Plata,14.735,US$/ozt
1359,2018-05-11T00:00:00,Molibdeno,11.793,¢US/lb
1360,2018-05-11T00:00:00,Inventarios,177950.0,TM
1361,2018-06-11T00:00:00,Cobre,281.454,¢US/lb
1362,2018-06-11T00:00:00,Oro,1234.85,US$/ozt
1363,2018-06-11T00:00:00,Plata,14.7,US$/ozt
1364,2018-06-11T00:00:00,Molibdeno,11.793,¢US/lb
1365,2018-06-11T00:00:00,Inventarios,175400.0,TM
1366,2018-07-11T00:00:00,Cobre,281.681,¢US/lb
1367,2018-07-11T00:00:00,Oro,1235.05,US$/ozt
1368,2018-07-11T00:00:00,Plata,14.67,US$/ozt
1369,2018-07-11T00:00:00,Molibdeno,11.793,¢US/lb
1370,2018-07-11T00:00:00,Inventarios,174200.0,TM
1371,2018-08-11T00:00:00,Cobre,278.37,¢US/lb
1372,2018-08-11T00:00:00,Oro,1223.45,US$/ozt
1373,2018-08-11T00:00:00,Plata,14.49,US$/ozt
1374,2018-08-11T00:00:00,Molibdeno,11.793,¢US/lb
1375,2018-08-11T00:00:00,Inventarios,172325.0,TM
1376,2018-09-11T00:00:00,Cobre,276.147,¢US/lb
1377,2018-09-11T00:00:00,Oro,1219.05,US$/ozt
1378,2018-09-11T00:00:00,Plata,14.34,US$/ozt
1379,2018-09-11T00:00:00,Molibdeno,11.793,¢US/lb
1380,2018-09-11T00:00:00,Inventarios,171050.0,TM
1381,2018-12-11T00:00:00,Cobre,275.943,¢US/lb
1382,2018-12-11T00:00:00,Oro,1207.05,US$/ozt
1383,2018-12-11T00:00:00,Plata,14.16,US$/ozt
1384,2018-12-11T00:00:00,Molibdeno,11.793,¢US/lb
1385,2018-12-11T00:00:00,Inventarios,169325.0,TM
1386,2018-11-13T00:00:00,Cobre,278.052,¢US/lb
1387,2018-11-13T00:00:00,Oro,1197.55,US$/ozt
1388,2018-11-13T00:00:00,Plata,14.02,US$/ozt
1389,2018-11-13T00:00:00,Molibdeno,11.793,¢US/lb
1390,2018-11-13T00:00:00,Inventarios,168325.0,TM
1391,2018-11-14T00:00:00,Cobre,276.964,¢US/lb
1392,2018-11-14T00:00:00,Oro,1201.45,US$/ozt
1393,2018-11-14T00:00:00,Plata,13.97,US$/ozt
1394,2018-11-14T00:00:00,Molibdeno,11.793,¢US/lb
1395,2018-11-14T00:00:00,Inventarios,167075.0,TM
1396,2018-11-15T00:00:00,Cobre,280.683,¢US/lb
1397,2018-11-15T00:00:00,Oro,1210.6,US$/ozt
1398,2018-11-15T00:00:00,Plata,14.13,US$/ozt
1399,2018-11-15T00:00:00,Molibdeno,11.793,¢US/lb
1400,2018-11-15T00:00:00,Inventarios,166450.0,TM
1401,2018-11-16T00:00:00,Cobre,280.366,¢US/lb
1402,2018-11-16T00:00:00,Oro,1215.8,US$/ozt
1403,2018-11-16T00:00:00,Plata,14.285,US$/ozt
1404,2018-11-16T00:00:00,Molibdeno,11.793,¢US/lb
1405,2018-11-16T00:00:00,Inventarios,161025.0,TM
1406,2018-11-19T00:00:00,Cobre,283.949,¢US/lb
1407,2018-11-19T00:00:00,Oro,1223.55,US$/ozt
1408,2018-11-19T00:00:00,Plata,14.36,US$/ozt
1409,2018-11-19T00:00:00,Molibdeno,11.793,¢US/lb
1410,2018-11-19T00:00:00,Inventarios,151625.0,TM
1411,2018-11-20T00:00:00,Cobre,284.04,¢US/lb
1412,2018-11-20T00:00:00,Oro,1223.1,US$/ozt
1413,2018-11-20T00:00:00,Plata,14.44,US$/ozt
1414,2018-11-20T00:00:00,Molibdeno,11.793,¢US/lb
1415,2018-11-20T00:00:00,Inventarios,145250.0,TM
1416,2018-11-21T00:00:00,Cobre,283.314,¢US/lb
1417,2018-11-21T00:00:00,Oro,1228.25,US$/ozt
1418,2018-11-21T00:00:00,Plata,14.52,US$/ozt
1419,2018-11-21T00:00:00,Molibdeno,11.793,¢US/lb
1420,2018-11-21T00:00:00,Inventarios,143325.0,TM
1421,2018-11-22T00:00:00,Cobre,283.314,¢US/lb
1422,2018-11-22T00:00:00,Oro,1228.25,US$/ozt
1423,2018-11-22T00:00:00,Plata,14.52,US$/ozt
1424,2018-11-22T00:00:00,Molibdeno,11.793,¢US/lb
1425,2018-11-22T00:00:00,Inventarios,143325.0,TM
1426,2018-11-23T00:00:00,Cobre,281.681,¢US/lb
1427,2018-11-23T00:00:00,Oro,1222.15,US$/ozt
1428,2018-11-23T00:00:00,Plata,14.255,US$/ozt
1429,2018-11-23T00:00:00,Molibdeno,11.793,¢US/lb
1430,2018-11-23T00:00:00,Inventarios,139550.0,TM
1431,2018-11-26T00:00:00,Cobre,283.314,¢US/lb
1432,2018-11-26T00:00:00,Oro,1226.65,US$/ozt
1433,2018-11-26T00:00:00,Plata,14.38,US$/ozt
1434,2018-11-26T00:00:00,Molibdeno,11.793,¢US/lb
1435,2018-11-26T00:00:00,Inventarios,137100.0,TM
1436,2018-11-27T00:00:00,Cobre,279.844,¢US/lb
1437,2018-11-27T00:00:00,Oro,1225.05,US$/ozt
1438,2018-11-27T00:00:00,Plata,14.275,US$/ozt
1439,2018-11-27T00:00:00,Molibdeno,11.793,¢US/lb
1440,2018-11-27T00:00:00,Inventarios,137850.0,TM
1441,2018-11-28T00:00:00,Cobre,281.137,¢US/lb
1442,2018-11-28T00:00:00,Oro,1213.2,US$/ozt
1443,2018-11-28T00:00:00,Plata,14.15,US$/ozt
1444,2018-11-28T00:00:00,Molibdeno,11.793,¢US/lb
1445,2018-11-28T00:00:00,Inventarios,137325.0,TM
1446,2018-11-29T00:00:00,Cobre,284.947,¢US/lb
1447,2018-11-29T00:00:00,Oro,1226.45,US$/ozt
1448,2018-11-29T00:00:00,Plata,14.265,US$/ozt
1449,2018-11-29T00:00:00,Molibdeno,11.793,¢US/lb
1450,2018-11-29T00:00:00,Inventarios,136250.0,TM
1451,2018-11-30T00:00:00,Cobre,282.951,¢US/lb
1452,2018-11-30T00:00:00,Oro,1220.45,US$/ozt
1453,2018-11-30T00:00:00,Plata,14.235,US$/ozt
1454,2018-11-30T00:00:00,Molibdeno,11.793,¢US/lb
1455,2018-11-30T00:00:00,Inventarios,136175.0,TM
1456,2018-03-12T00:00:00,Cobre,286.081,¢US/lb
1457,2018-03-12T00:00:00,Oro,1231.05,US$/ozt
1458,2018-03-12T00:00:00,Plata,14.385,US$/ozt
1459,2018-03-12T00:00:00,Molibdeno,11.793,¢US/lb
1460,2018-03-12T00:00:00,Inventarios,134200.0,TM
1461,2018-04-12T00:00:00,Cobre,284.765,¢US/lb
1462,2018-04-12T00:00:00,Oro,1239.25,US$/ozt
1463,2018-04-12T00:00:00,Plata,14.545,US$/ozt
1464,2018-04-12T00:00:00,Molibdeno,11.793,¢US/lb
1465,2018-04-12T00:00:00,Inventarios,130175.0,TM
1466,2018-05-12T00:00:00,Cobre,279.504,¢US/lb
1467,2018-05-12T00:00:00,Oro,1236.15,US$/ozt
1468,2018-05-12T00:00:00,Plata,14.48,US$/ozt
1469,2018-05-12T00:00:00,Molibdeno,11.793,¢US/lb
1470,2018-05-12T00:00:00,Inventarios,128200.0,TM
1471,2018-06-12T00:00:00,Cobre,277.236,¢US/lb
1472,2018-06-12T00:00:00,Oro,1236.45,US$/ozt
1473,2018-06-12T00:00:00,Plata,14.38,US$/ozt
1474,2018-06-12T00:00:00,Molibdeno,11.793,¢US/lb
1475,2018-06-12T00:00:00,Inventarios,124950.0,TM
1476,2018-07-12T00:00:00,Cobre,280.003,¢US/lb
1477,2018-07-12T00:00:00,Oro,1241.2,US$/ozt
1478,2018-07-12T00:00:00,Plata,14.485,US$/ozt
1479,2018-07-12T00:00:00,Molibdeno,11.793,¢US/lb
1480,2018-07-12T00:00:00,Inventarios,124450.0,TM
1481,2018-10-12T00:00:00,Cobre,277.236,¢US/lb
1482,2018-10-12T00:00:00,Oro,1246.8,US$/ozt
1483,2018-10-12T00:00:00,Plata,14.53,US$/ozt
1484,2018-10-12T00:00:00,Molibdeno,11.793,¢US/lb
1485,2018-10-12T00:00:00,Inventarios,122500.0,TM
1486,2018-11-12T00:00:00,Cobre,279.549,¢US/lb
1487,2018-11-12T00:00:00,Oro,1248.25,US$/ozt
1488,2018-11-12T00:00:00,Plata,14.64,US$/ozt
1489,2018-11-12T00:00:00,Molibdeno,11.793,¢US/lb
1490,2018-11-12T00:00:00,Inventarios,121300.0,TM
1491,2018-12-12T00:00:00,Cobre,279.005,¢US/lb
1492,2018-12-12T00:00:00,Oro,1244.75,US$/ozt
1493,2018-12-12T00:00:00,Plata,14.655,US$/ozt
1494,2018-12-12T00:00:00,Molibdeno,11.793,¢US/lb
1495,2018-12-12T00:00:00,Inventarios,119900.0,TM
1496,2018-12-13T00:00:00,Cobre,281.046,¢US/lb
1497,2018-12-13T00:00:00,Oro,1244.45,US$/ozt
1498,2018-12-13T00:00:00,Plata,14.68,US$/ozt
1499,2018-12-13T00:00:00,Molibdeno,11.793,¢US/lb
1500,2018-12-13T00:00:00,Inventarios,119975.0,TM
1501,2018-12-14T00:00:00,Cobre,276.873,¢US/lb
1502,2018-12-14T00:00:00,Oro,1239.15,US$/ozt
1503,2018-12-14T00:00:00,Plata,14.58,US$/ozt
1504,2018-12-14T00:00:00,Molibdeno,11.793,¢US/lb
1505,2018-12-14T00:00:00,Inventarios,121225.0,TM
1506,2018-12-17T00:00:00,Cobre,276.487,¢US/lb
1507,2018-12-17T00:00:00,Oro,1239.1,US$/ozt
1508,2018-12-17T00:00:00,Plata,14.6,US$/ozt
1509,2018-12-17T00:00:00,Molibdeno,11.793,¢US/lb
1510,2018-12-17T00:00:00,Inventarios,121800.0,TM
1511,2018-12-18T00:00:00,Cobre,274.106,¢US/lb
1512,2018-12-18T00:00:00,Oro,1248.8,US$/ozt
1513,2018-12-18T00:00:00,Plata,14.655,US$/ozt
1514,2018-12-18T00:00:00,Molibdeno,11.793,¢US/lb
1515,2018-12-18T00:00:00,Inventarios,122000.0,TM
1516,2018-12-19T00:00:00,Cobre,271.566,¢US/lb
1517,2018-12-19T00:00:00,Oro,1248.6,US$/ozt
1518,2018-12-19T00:00:00,Plata,14.645,US$/ozt
1519,2018-12-19T00:00:00,Molibdeno,11.793,¢US/lb
1520,2018-12-19T00:00:00,Inventarios,128350.0,TM
1521,2018-12-20T00:00:00,Cobre,272.836,¢US/lb
1522,2018-12-20T00:00:00,Oro,1255.0,US$/ozt
1523,2018-12-20T00:00:00,Plata,14.77,US$/ozt
1524,2018-12-20T00:00:00,Molibdeno,11.793,¢US/lb
1525,2018-12-20T00:00:00,Inventarios,128225.0,TM
1526,2018-12-21T00:00:00,Cobre,271.566,¢US/lb
1527,2018-12-21T00:00:00,Oro,1257.6,US$/ozt
1528,2018-12-21T00:00:00,Plata,14.69,US$/ozt
1529,2018-12-21T00:00:00,Molibdeno,11.793,¢US/lb
1530,2018-12-21T00:00:00,Inventarios,129725.0,TM
1531,2018-12-24T00:00:00,Cobre,269.048,¢US/lb
1532,2018-12-24T00:00:00,Oro,1261.25,US$/ozt
1533,2018-12-24T00:00:00,Plata,14.675,US$/ozt
1534,2018-12-24T00:00:00,Molibdeno,11.793,¢US/lb
1535,2018-12-24T00:00:00,Inventarios,129725.0,TM
1536,2018-12-26T00:00:00,Cobre,FERIADO,¢US/lb
1537,2018-12-26T00:00:00,Oro,FERIADO,US$/ozt
1538,2018-12-26T00:00:00,Plata,FERIADO,US$/ozt
1539,2018-12-26T00:00:00,Molibdeno,FERIADO,¢US/lb
1540,2018-12-26T00:00:00,Inventarios,FERIADO,TM
1541,2018-12-27T00:00:00,Cobre,271.702,¢US/lb
1542,2018-12-27T00:00:00,Oro,1271.1,US$/ozt
1543,2018-12-27T00:00:00,Plata,15.055,US$/ozt
1544,2018-12-27T00:00:00,Molibdeno,11.793,¢US/lb
1545,2018-12-27T00:00:00,Inventarios,130325.0,TM
1546,2018-12-28T00:00:00,Cobre,272.972,¢US/lb
1547,2018-12-28T00:00:00,Oro,1277.25,US$/ozt
1548,2018-12-28T00:00:00,Plata,15.295,US$/ozt
1549,2018-12-28T00:00:00,Molibdeno,11.793,¢US/lb
1550,2018-12-28T00:00:00,Inventarios,130025.0,TM
1551,2018-12-31T00:00:00,Cobre,270.568,¢US/lb
1552,2018-12-31T00:00:00,Oro,1281.65,US$/ozt
1553,2018-12-31T00:00:00,Plata,15.465,US$/ozt
1554,2018-12-31T00:00:00,Molibdeno,11.793,¢US/lb
1555,2018-12-31T00:00:00,Inventarios,132175.0,TM
1556,2019-02-01T00:00:00,Cobre,264.853,¢US/lb
1557,2019-02-01T00:00:00,Oro,1287.2,US$/ozt
1558,2019-02-01T00:00:00,Plata,15.44,US$/ozt
1559,2019-02-01T00:00:00,Molibdeno,11.793,¢US/lb
1560,2019-02-01T00:00:00,Inventarios,132175.0,TM
1561,2019-03-01T00:00:00,Cobre,263.583,¢US/lb
1562,2019-03-01T00:00:00,Oro,1287.95,US$/ozt
1563,2019-03-01T00:00:00,Plata,15.535,US$/ozt
1564,2019-03-01T00:00:00,Molibdeno,11.793,¢US/lb
1565,2019-03-01T00:00:00,Inventarios,132400.0,TM
1566,2019-04-01T00:00:00,Cobre,264.898,¢US/lb
1567,2019-04-01T00:00:00,Oro,1290.35,US$/ozt
1568,2019-04-01T00:00:00,Plata,14.705,US$/ozt
1569,2019-04-01T00:00:00,Molibdeno,11.793,¢US/lb
1570,2019-04-01T00:00:00,Inventarios,132400.0,TM
1571,2019-07-01T00:00:00,Cobre,267.143,¢US/lb
1572,2019-07-01T00:00:00,Oro,1291.5,US$/ozt
1573,2019-07-01T00:00:00,Plata,15.75,US$/ozt
1574,2019-07-01T00:00:00,Molibdeno,11.793,¢US/lb
1575,2019-07-01T00:00:00,Inventarios,132350.0,TM
1576,2019-08-01T00:00:00,Cobre,267.824,¢US/lb
1577,2019-08-01T00:00:00,Oro,1283.9,US$/ozt
1578,2019-08-01T00:00:00,Plata,15.64,US$/ozt
1579,2019-08-01T00:00:00,Molibdeno,11.793,¢US/lb
1580,2019-08-01T00:00:00,Inventarios,132350.0,TM
1581,2019-09-01T00:00:00,Cobre,270.523,¢US/lb
1582,2019-09-01T00:00:00,Oro,1281.3,US$/ozt
1583,2019-09-01T00:00:00,Plata,15.62,US$/ozt
1584,2019-09-01T00:00:00,Molibdeno,11.793,¢US/lb
1585,2019-09-01T00:00:00,Inventarios,132675.0,TM
1586,2019-10-01T00:00:00,Cobre,268.005,¢US/lb
1587,2019-10-01T00:00:00,Oro,1292.4,US$/ozt
1588,2019-10-01T00:00:00,Plata,15.705,US$/ozt
1589,2019-10-01T00:00:00,Molibdeno,11.793,¢US/lb
1590,2019-10-01T00:00:00,Inventarios,133600.0,TM
1591,2019-11-01T00:00:00,Cobre,268.822,¢US/lb
1592,2019-11-01T00:00:00,Oro,1292.8,US$/ozt
1593,2019-11-01T00:00:00,Plata,15.68,US$/ozt
1594,2019-11-01T00:00:00,Molibdeno,11.793,¢US/lb
1595,2019-11-01T00:00:00,Inventarios,133700.0,TM
1596,2019-01-14T00:00:00,Cobre,265.851,¢US/lb
1597,2019-01-14T00:00:00,Oro,1293.7,US$/ozt
1598,2019-01-14T00:00:00,Plata,15.615,US$/ozt
1599,2019-01-14T00:00:00,Molibdeno,11.793,¢US/lb
1600,2019-01-14T00:00:00,Inventarios,133700.0,TM
1601,2019-01-15T00:00:00,Cobre,266.803,¢US/lb
1602,2019-01-15T00:00:00,Oro,1289.35,US$/ozt
1603,2019-01-15T00:00:00,Plata,15.6,US$/ozt
1604,2019-01-15T00:00:00,Molibdeno,11.793,¢US/lb
1605,2019-01-15T00:00:00,Inventarios,133600.0,TM
1606,2019-01-16T00:00:00,Cobre,268.119,¢US/lb
1607,2019-01-16T00:00:00,Oro,1290.5,US$/ozt
1608,2019-01-16T00:00:00,Plata,15.54,US$/ozt
1609,2019-01-16T00:00:00,Molibdeno,11.793,¢US/lb
1610,2019-01-16T00:00:00,Inventarios,135025.0,TM
1611,2019-01-17T00:00:00,Cobre,269.116,¢US/lb
1612,2019-01-17T00:00:00,Oro,1294.0,US$/ozt
1613,2019-01-17T00:00:00,Plata,15.575,US$/ozt
1614,2019-01-17T00:00:00,Molibdeno,11.793,¢US/lb
1615,2019-01-17T00:00:00,Inventarios,134975.0,TM
1616,2019-01-18T00:00:00,Cobre,273.153,¢US/lb
1617,2019-01-18T00:00:00,Oro,1285.05,US$/ozt
1618,2019-01-18T00:00:00,Plata,15.47,US$/ozt
1619,2019-01-18T00:00:00,Molibdeno,11.793,¢US/lb
1620,2019-01-18T00:00:00,Inventarios,135100.0,TM
1621,2019-01-21T00:00:00,Cobre,269.956,¢US/lb
1622,2019-01-21T00:00:00,Oro,1278.7,US$/ozt
1623,2019-01-21T00:00:00,Plata,15.26,US$/ozt
1624,2019-01-21T00:00:00,Molibdeno,11.793,¢US/lb
1625,2019-01-21T00:00:00,Inventarios,145025.0,TM
1626,2019-01-22T00:00:00,Cobre,268.822,¢US/lb
1627,2019-01-22T00:00:00,Oro,1284.75,US$/ozt
1628,2019-01-22T00:00:00,Plata,15.26,US$/ozt
1629,2019-01-22T00:00:00,Molibdeno,11.793,¢US/lb
1630,2019-01-22T00:00:00,Inventarios,145025.0,TM
1631,2019-01-23T00:00:00,Cobre,268.549,¢US/lb
1632,2019-01-23T00:00:00,Oro,1284.9,US$/ozt
1633,2019-01-23T00:00:00,Plata,15.385,US$/ozt
1634,2019-01-23T00:00:00,Molibdeno,11.793,¢US/lb
1635,2019-01-23T00:00:00,Inventarios,145575.0,TM
1636,2019-01-24T00:00:00,Cobre,266.939,¢US/lb
1637,2019-01-24T00:00:00,Oro,1279.75,US$/ozt
1638,2019-01-24T00:00:00,Plata,15.3,US$/ozt
1639,2019-01-24T00:00:00,Molibdeno,11.793,¢US/lb
1640,2019-01-24T00:00:00,Inventarios,145675.0,TM
1641,2019-01-25T00:00:00,Cobre,267.665,¢US/lb
1642,2019-01-25T00:00:00,Oro,1282.95,US$/ozt
1643,2019-01-25T00:00:00,Plata,15.375,US$/ozt
1644,2019-01-25T00:00:00,Molibdeno,11.793,¢US/lb
1645,2019-01-25T00:00:00,Inventarios,146275.0,TM
1646,2019-01-28T00:00:00,Cobre,271.974,¢US/lb
1647,2019-01-28T00:00:00,Oro,1301.0,US$/ozt
1648,2019-01-28T00:00:00,Plata,15.685,US$/ozt
1649,2019-01-28T00:00:00,Molibdeno,11.793,¢US/lb
1650,2019-01-28T00:00:00,Inventarios,146475.0,TM
1651,2019-01-29T00:00:00,Cobre,272.473,¢US/lb
1652,2019-01-29T00:00:00,Oro,1308.35,US$/ozt
1653,2019-01-29T00:00:00,Plata,15.855,US$/ozt
1654,2019-01-29T00:00:00,Molibdeno,11.793,¢US/lb
1655,2019-01-29T00:00:00,Inventarios,147600.0,TM
1656,2019-01-30T00:00:00,Cobre,275.648,¢US/lb
1657,2019-01-30T00:00:00,Oro,1312.95,US$/ozt
1658,2019-01-30T00:00:00,Plata,15.915,US$/ozt
1659,2019-01-30T00:00:00,Molibdeno,11.793,¢US/lb
1660,2019-01-30T00:00:00,Inventarios,149100.0,TM
1661,2019-01-31T00:00:00,Cobre,278.869,¢US/lb
1662,2019-01-31T00:00:00,Oro,1322.5,US$/ozt
1663,2019-01-31T00:00:00,Plata,16.075,US$/ozt
1664,2019-01-31T00:00:00,Molibdeno,11.793,¢US/lb
1665,2019-01-31T00:00:00,Inventarios,149200.0,TM
1666,2019-01-02T00:00:00,Cobre,276.578,¢US/lb
1667,2019-01-02T00:00:00,Oro,1320.75,US$/ozt
1668,2019-01-02T00:00:00,Plata,16.01,US$/ozt
1669,2019-01-02T00:00:00,Molibdeno,11.793,¢US/lb
1670,2019-01-02T00:00:00,Inventarios,149950.0,TM
1671,2019-04-02T00:00:00,Cobre,275.625,¢US/lb
1672,2019-04-02T00:00:00,Oro,1311.0,US$/ozt
1673,2019-04-02T00:00:00,Plata,15.745,US$/ozt
1674,2019-04-02T00:00:00,Molibdeno,11.793,¢US/lb
1675,2019-04-02T00:00:00,Inventarios,149900.0,TM
1676,2019-05-02T00:00:00,Cobre,280.048,¢US/lb
1677,2019-05-02T00:00:00,Oro,1314.0,US$/ozt
1678,2019-05-02T00:00:00,Plata,15.865,US$/ozt
1679,2019-05-02T00:00:00,Molibdeno,11.793,¢US/lb
1680,2019-05-02T00:00:00,Inventarios,149900.0,TM
1681,2019-06-02T00:00:00,Cobre,281.681,¢US/lb
1682,2019-06-02T00:00:00,Oro,1313.35,US$/ozt
1683,2019-06-02T00:00:00,Plata,15.73,US$/ozt
1684,2019-06-02T00:00:00,Molibdeno,11.793,¢US/lb
1685,2019-06-02T00:00:00,Inventarios,149550.0,TM
1686,2019-07-02T00:00:00,Cobre,282.452,¢US/lb
1687,2019-07-02T00:00:00,Oro,1306.6,US$/ozt
1688,2019-07-02T00:00:00,Plata,15.71,US$/ozt
1689,2019-07-02T00:00:00,Molibdeno,11.793,¢US/lb
1690,2019-07-02T00:00:00,Inventarios,149400.0,TM
1691,2019-08-02T00:00:00,Cobre,281.545,¢US/lb
1692,2019-08-02T00:00:00,Oro,1311.1,US$/ozt
1693,2019-08-02T00:00:00,Plata,15.78,US$/ozt
1694,2019-08-02T00:00:00,Molibdeno,11.793,¢US/lb
1695,2019-08-02T00:00:00,Inventarios,149200.0,TM
1696,2019-11-02T00:00:00,Cobre,278.869,¢US/lb
1697,2019-11-02T00:00:00,Oro,1306.75,US$/ozt
1698,2019-11-02T00:00:00,Plata,15.705,US$/ozt
1699,2019-11-02T00:00:00,Molibdeno,11.793,¢US/lb
1700,2019-11-02T00:00:00,Inventarios,148550.0,TM
1701,2019-12-02T00:00:00,Cobre,276.782,¢US/lb
1702,2019-12-02T00:00:00,Oro,1311.6,US$/ozt
1703,2019-12-02T00:00:00,Plata,15.81,US$/ozt
1704,2019-12-02T00:00:00,Molibdeno,11.793,¢US/lb
1705,2019-12-02T00:00:00,Inventarios,148250.0,TM
1706,2019-02-13T00:00:00,Cobre,277.599,¢US/lb
1707,2019-02-13T00:00:00,Oro,1311.15,US$/ozt
1708,2019-02-13T00:00:00,Plata,15.695,US$/ozt
1709,2019-02-13T00:00:00,Molibdeno,11.793,¢US/lb
1710,2019-02-13T00:00:00,Inventarios,147900.0,TM
1711,2019-02-14T00:00:00,Cobre,280.252,¢US/lb
1712,2019-02-14T00:00:00,Oro,1305.65,US$/ozt
1713,2019-02-14T00:00:00,Plata,15.58,US$/ozt
1714,2019-02-14T00:00:00,Molibdeno,11.793,¢US/lb
1715,2019-02-14T00:00:00,Inventarios,145525.0,TM
1716,2019-02-15T00:00:00,Cobre,280.774,¢US/lb
1717,2019-02-15T00:00:00,Oro,1318.0,US$/ozt
1718,2019-02-15T00:00:00,Plata,15.675,US$/ozt
1719,2019-02-15T00:00:00,Molibdeno,11.793,¢US/lb
1720,2019-02-15T00:00:00,Inventarios,143175.0,TM
1721,2019-02-18T00:00:00,Cobre,284.38,¢US/lb
1722,2019-02-18T00:00:00,Oro,1323.95,US$/ozt
1723,2019-02-18T00:00:00,Plata,15.765,US$/ozt
1724,2019-02-18T00:00:00,Molibdeno,11.793,¢US/lb
1725,2019-02-18T00:00:00,Inventarios,140175.0,TM
1726,2019-02-19T00:00:00,Cobre,283.337,¢US/lb
1727,2019-02-19T00:00:00,Oro,1329.55,US$/ozt
1728,2019-02-19T00:00:00,Plata,15.78,US$/ozt
1729,2019-02-19T00:00:00,Molibdeno,11.793,¢US/lb
1730,2019-02-19T00:00:00,Inventarios,139400.0,TM
1731,2019-02-20T00:00:00,Cobre,288.099,¢US/lb
1732,2019-02-20T00:00:00,Oro,1345.75,US$/ozt
1733,2019-02-20T00:00:00,Plata,16.035,US$/ozt
1734,2019-02-20T00:00:00,Molibdeno,11.793,¢US/lb
1735,2019-02-20T00:00:00,Inventarios,139500.0,TM
1736,2019-02-21T00:00:00,Cobre,289.891,¢US/lb
1737,2019-02-21T00:00:00,Oro,1335.05,US$/ozt
1738,2019-02-21T00:00:00,Plata,15.91,US$/ozt
1739,2019-02-21T00:00:00,Molibdeno,11.793,¢US/lb
1740,2019-02-21T00:00:00,Inventarios,137700.0,TM
1741,2019-02-22T00:00:00,Cobre,294.336,¢US/lb
1742,2019-02-22T00:00:00,Oro,1322.25,US$/ozt
1743,2019-02-22T00:00:00,Plata,15.87,US$/ozt
1744,2019-02-22T00:00:00,Molibdeno,11.793,¢US/lb
1745,2019-02-22T00:00:00,Inventarios,133825.0,TM
1746,2019-02-25T00:00:00,Cobre,296.922,¢US/lb
1747,2019-02-25T00:00:00,Oro,1329.15,US$/ozt
1748,2019-02-25T00:00:00,Plata,15.955,US$/ozt
1749,2019-02-25T00:00:00,Molibdeno,11.793,¢US/lb
1750,2019-02-25T00:00:00,Inventarios,132450.0,TM
1751,2019-02-26T00:00:00,Cobre,293.52,¢US/lb
1752,2019-02-26T00:00:00,Oro,1327.55,US$/ozt
1753,2019-02-26T00:00:00,Plata,15.83,US$/ozt
1754,2019-02-26T00:00:00,Molibdeno,11.793,¢US/lb
1755,2019-02-26T00:00:00,Inventarios,133075.0,TM
1756,2019-02-27T00:00:00,Cobre,296.332,¢US/lb
1757,2019-02-27T00:00:00,Oro,1326.45,US$/ozt
1758,2019-02-27T00:00:00,Plata,15.86,US$/ozt
1759,2019-02-27T00:00:00,Molibdeno,11.793,¢US/lb
1760,2019-02-27T00:00:00,Inventarios,130925.0,TM
1761,2019-02-28T00:00:00,Cobre,296.468,¢US/lb
1762,2019-02-28T00:00:00,Oro,1325.45,US$/ozt
1763,2019-02-28T00:00:00,Plata,15.815,US$/ozt
1764,2019-02-28T00:00:00,Molibdeno,11.793,¢US/lb
1765,2019-02-28T00:00:00,Inventarios,128475.0,TM
1766,2019-01-03T00:00:00,Cobre,298.101,¢US/lb
1767,2019-01-03T00:00:00,Oro,1309.95,US$/ozt
1768,2019-01-03T00:00:00,Plata,15.56,US$/ozt
1769,2019-01-03T00:00:00,Molibdeno,11.793,¢US/lb
1770,2019-01-03T00:00:00,Inventarios,126000.0,TM
1771,2019-04-02T00:00:00,Cobre,291.206,¢US/lb
1772,2019-04-02T00:00:00,Oro,1287.45,US$/ozt
1773,2019-04-02T00:00:00,Plata,15.16,US$/ozt
1774,2019-04-02T00:00:00,Molibdeno,11.793,¢US/lb
1775,2019-04-02T00:00:00,Inventarios,123425.0,TM
1776,2019-05-02T00:00:00,Cobre,297.262,¢US/lb
1777,2019-05-02T00:00:00,Oro,1285.0,US$/ozt
1778,2019-05-02T00:00:00,Plata,15.11,US$/ozt
1779,2019-05-02T00:00:00,Molibdeno,11.793,¢US/lb
1780,2019-05-02T00:00:00,Inventarios,118600.0,TM
1781,2019-11-03T00:00:00,Cobre,291.887,¢US/lb
1782,2019-11-03T00:00:00,Oro,1296.35,US$/ozt
1783,2019-11-03T00:00:00,Plata,15.295,US$/ozt
1784,2019-11-03T00:00:00,Molibdeno,11.793,¢US/lb
1785,2019-11-03T00:00:00,Inventarios,113525.0,TM
1786,2019-12-03T00:00:00,Cobre,295.289,¢US/lb
1787,2019-12-03T00:00:00,Oro,1296.95,US$/ozt
1788,2019-12-03T00:00:00,Plata,15.445,US$/ozt
1789,2019-12-03T00:00:00,Molibdeno,N.D.,¢US/lb
1790,2019-12-03T00:00:00,Inventarios,112725.0,TM
1791,2019-03-13T00:00:00,Cobre,296.151,¢US/lb
1792,2019-03-13T00:00:00,Oro,1308.4,US$/ozt
1793,2019-03-13T00:00:00,Plata,15.52,US$/ozt
1794,2019-03-13T00:00:00,Molibdeno,N.D.,¢US/lb
1795,2019-03-13T00:00:00,Inventarios,111775.0,TM
1796,2019-03-14T00:00:00,Cobre,290.707,¢US/lb
1797,2019-03-14T00:00:00,Oro,1299.2,US$/ozt
1798,2019-03-14T00:00:00,Plata,15.235,US$/ozt
1799,2019-03-14T00:00:00,Molibdeno,N.D.,¢US/lb
1800,2019-03-14T00:00:00,Inventarios,144625.0,TM
1801,2019-03-15T00:00:00,Cobre,290.753,¢US/lb
1802,2019-03-15T00:00:00,Oro,1302.65,US$/ozt
1803,2019-03-15T00:00:00,Plata,15.355,US$/ozt
1804,2019-03-15T00:00:00,Molibdeno,N.D.,¢US/lb
1805,2019-03-15T00:00:00,Inventarios,186425.0,TM
1806,2019-03-18T00:00:00,Cobre,294.472,¢US/lb
1807,2019-03-18T00:00:00,Oro,1305.35,US$/ozt
1808,2019-03-18T00:00:00,Plata,15.38,US$/ozt
1809,2019-03-18T00:00:00,Molibdeno,N.D.,¢US/lb
1810,2019-03-18T00:00:00,Inventarios,183825.0,TM
1811,2019-03-19T00:00:00,Cobre,294.835,¢US/lb
1812,2019-03-19T00:00:00,Oro,1308.35,US$/ozt
1813,2019-03-19T00:00:00,Plata,15.41,US$/ozt
1814,2019-03-19T00:00:00,Molibdeno,N.D.,¢US/lb
1815,2019-03-19T00:00:00,Inventarios,181200.0,TM
1816,2019-03-20T00:00:00,Cobre,294.245,¢US/lb
1817,2019-03-20T00:00:00,Oro,1303.0,US$/ozt
1818,2019-03-20T00:00:00,Plata,15.32,US$/ozt
1819,2019-03-20T00:00:00,Molibdeno,N.D.,¢US/lb
1820,2019-03-20T00:00:00,Inventarios,179275.0,TM
1821,2019-03-21T00:00:00,Cobre,295.742,¢US/lb
1822,2019-03-21T00:00:00,Oro,1317.3,US$/ozt
1823,2019-03-21T00:00:00,Plata,15.54,US$/ozt
1824,2019-03-21T00:00:00,Molibdeno,N.D.,¢US/lb
1825,2019-03-21T00:00:00,Inventarios,176450.0,TM
1826,2019-03-22T00:00:00,Cobre,289.165,¢US/lb
1827,2019-03-22T00:00:00,Oro,1311.1,US$/ozt
1828,2019-03-22T00:00:00,Plata,15.46,US$/ozt
1829,2019-03-22T00:00:00,Molibdeno,N.D.,¢US/lb
1830,2019-03-22T00:00:00,Inventarios,175325.0,TM
1831,2019-03-25T00:00:00,Cobre,287.033,¢US/lb
1832,2019-03-25T00:00:00,Oro,1319.35,US$/ozt
1833,2019-03-25T00:00:00,Plata,15.525,US$/ozt
1834,2019-03-25T00:00:00,Molibdeno,N.D.,¢US/lb
1835,2019-03-25T00:00:00,Inventarios,173800.0,TM
1836,2019-03-26T00:00:00,Cobre,288.53,¢US/lb
1837,2019-03-26T00:00:00,Oro,1315.25,US$/ozt
1838,2019-03-26T00:00:00,Plata,15.44,US$/ozt
1839,2019-03-26T00:00:00,Molibdeno,N.D.,¢US/lb
1840,2019-03-26T00:00:00,Inventarios,172275.0,TM
1841,2019-03-27T00:00:00,Cobre,287.51,¢US/lb
1842,2019-03-27T00:00:00,Oro,1318.25,US$/ozt
1843,2019-03-27T00:00:00,Plata,15.4,US$/ozt
1844,2019-03-27T00:00:00,Molibdeno,N.D.,¢US/lb
1845,2019-03-27T00:00:00,Inventarios,170725.0,TM
1846,2019-03-28T00:00:00,Cobre,289.619,¢US/lb
1847,2019-03-28T00:00:00,Oro,1306.9,US$/ozt
1848,2019-03-28T00:00:00,Plata,15.195,US$/ozt
1849,2019-03-28T00:00:00,Molibdeno,N.D.,¢US/lb
1850,2019-03-28T00:00:00,Inventarios,169950.0,TM
1851,2019-03-29T00:00:00,Cobre,294.155,¢US/lb
1852,2019-03-29T00:00:00,Oro,1291.15,US$/ozt
1853,2019-03-29T00:00:00,Plata,15.1,US$/ozt
1854,2019-03-29T00:00:00,Molibdeno,N.D.,¢US/lb
1855,2019-03-29T00:00:00,Inventarios,168525.0,TM
1856,2019-01-04T00:00:00,Cobre,294.744,¢US/lb
1857,2019-01-04T00:00:00,Oro,1291.9,US$/ozt
1858,2019-01-04T00:00:00,Plata,15.07,US$/ozt
1859,2019-01-04T00:00:00,Molibdeno,N.D.,¢US/lb
1860,2019-01-04T00:00:00,Inventarios,168525.0,TM
1861,2019-02-04T00:00:00,Cobre,291.705,¢US/lb
1862,2019-02-04T00:00:00,Oro,1287.2,US$/ozt
1863,2019-02-04T00:00:00,Plata,15.025,US$/ozt
1864,2019-02-04T00:00:00,Molibdeno,N.D.,¢US/lb
1865,2019-02-04T00:00:00,Inventarios,167425.0,TM
1866,2019-03-04T00:00:00,Cobre,294.064,¢US/lb
1867,2019-03-04T00:00:00,Oro,1291.85,US$/ozt
1868,2019-03-04T00:00:00,Plata,15.165,US$/ozt
1869,2019-03-04T00:00:00,Molibdeno,N.D.,¢US/lb
1870,2019-03-04T00:00:00,Inventarios,167950.0,TM
1871,2019-04-04T00:00:00,Cobre,292.295,¢US/lb
1872,2019-04-04T00:00:00,Oro,1291.6,US$/ozt
1873,2019-04-04T00:00:00,Plata,15.085,US$/ozt
1874,2019-04-04T00:00:00,Molibdeno,N.D.,¢US/lb
1875,2019-04-04T00:00:00,Inventarios,198325.0,TM
1876,2019-05-04T00:00:00,Cobre,291161.0,¢US/lb
1877,2019-05-04T00:00:00,Oro,1288.9,US$/ozt
1878,2019-05-04T00:00:00,Plata,15.195,US$/ozt
1879,2019-05-04T00:00:00,Molibdeno,N.D.,¢US/lb
1880,2019-05-04T00:00:00,Inventarios,198300.0,TM
1881,2019-08-04T00:00:00,Cobre,291.773,¢US/lb
1882,2019-08-04T00:00:00,Oro,1297.1,US$/ozt
1883,2019-08-04T00:00:00,Plata,15.14,US$/ozt
1884,2019-08-04T00:00:00,Molibdeno,N.D.,¢US/lb
1885,2019-08-04T00:00:00,Inventarios,197550.0,TM
1886,2019-09-04T00:00:00,Cobre,294.744,¢US/lb
1887,2019-09-04T00:00:00,Oro,1301.85,US$/ozt
1888,2019-09-04T00:00:00,Plata,15.255,US$/ozt
1889,2019-09-04T00:00:00,Molibdeno,N.D.,¢US/lb
1890,2019-09-04T00:00:00,Inventarios,198275.0,TM
1891,2019-10-04T00:00:00,Cobre,292.431,¢US/lb
1892,2019-10-04T00:00:00,Oro,1304.8,US$/ozt
1893,2019-10-04T00:00:00,Plata,15.245,US$/ozt
1894,2019-10-04T00:00:00,Molibdeno,N.D.,¢US/lb
1895,2019-10-04T00:00:00,Inventarios,197525.0,TM
1896,2019-11-04T00:00:00,Cobre,291.773,¢US/lb
1897,2019-11-04T00:00:00,Oro,1304.65,US$/ozt
1898,2019-11-04T00:00:00,Plata,15.16,US$/ozt
1899,2019-11-04T00:00:00,Molibdeno,N.D.,¢US/lb
1900,2019-11-04T00:00:00,Inventarios,194525.0,TM
1901,2019-12-04T00:00:00,Cobre,294.382,¢US/lb
1902,2019-12-04T00:00:00,Oro,1296.15,US$/ozt
1903,2019-12-04T00:00:00,Plata,15.065,US$/ozt
1904,2019-12-04T00:00:00,Molibdeno,N.D.,¢US/lb
1905,2019-12-04T00:00:00,Inventarios,192425.0,TM
1906,2019-04-15T00:00:00,Cobre,292.839,¢US/lb
1907,2019-04-15T00:00:00,Oro,1286.75,US$/ozt
1908,2019-04-15T00:00:00,Plata,14.935,US$/ozt
1909,2019-04-15T00:00:00,Molibdeno,N.D.,¢US/lb
1910,2019-04-15T00:00:00,Inventarios,191750.0,TM
1911,2019-04-16T00:00:00,Cobre,293.021,¢US/lb
1912,2019-04-16T00:00:00,Oro,1283.75,US$/ozt
1913,2019-04-16T00:00:00,Plata,14.945,US$/ozt
1914,2019-04-16T00:00:00,Molibdeno,N.D.,¢US/lb
1915,2019-04-16T00:00:00,Inventarios,190500.0,TM
1916,2019-04-17T00:00:00,Cobre,295.243,¢US/lb
1917,2019-04-17T00:00:00,Oro,1276.1,US$/ozt
1918,2019-04-17T00:00:00,Plata,15.0,US$/ozt
1919,2019-04-17T00:00:00,Molibdeno,N.D.,¢US/lb
1920,2019-04-17T00:00:00,Inventarios,190650.0,TM
1921,2019-04-18T00:00:00,Cobre,292.476,¢US/lb
1922,2019-04-18T00:00:00,Oro,1276.5,US$/ozt
1923,2019-04-18T00:00:00,Plata,14.955,US$/ozt
1924,2019-04-18T00:00:00,Molibdeno,N.D.,¢US/lb
1925,2019-04-18T00:00:00,Inventarios,189225.0,TM
1926,2019-04-19T00:00:00,Cobre,FERIADO,¢US/lb
1927,2019-04-19T00:00:00,Oro,FERIADO,US$/ozt
1928,2019-04-19T00:00:00,Plata,FERIADO,US$/ozt
1929,2019-04-19T00:00:00,Molibdeno,FERIADO,¢US/lb
1930,2019-04-19T00:00:00,Inventarios,189225.0,TM
1931,2019-04-22T00:00:00,Cobre,FERIADO,¢US/lb
1932,2019-04-22T00:00:00,Oro,FERIADO,US$/ozt
1933,2019-04-22T00:00:00,Plata,FERIADO,US$/ozt
1934,2019-04-22T00:00:00,Molibdeno,FERIADO,¢US/lb
1935,2019-04-22T00:00:00,Inventarios,189225.0,TM
1936,2019-04-23T00:00:00,Cobre,291.66,¢US/lb
1937,2019-04-23T00:00:00,Oro,1273.45,US$/ozt
1938,2019-04-23T00:00:00,Plata,14.975,US$/ozt
1939,2019-04-23T00:00:00,Molibdeno,N.D.,¢US/lb
1940,2019-04-23T00:00:00,Inventarios,188300.0,TM
1941,2019-04-24T00:00:00,Cobre,292.0,¢US/lb
1942,2019-04-24T00:00:00,Oro,1273.8,US$/ozt
1943,2019-04-24T00:00:00,Plata,14.805,US$/ozt
1944,2019-04-24T00:00:00,Molibdeno,N.D.,¢US/lb
1945,2019-04-24T00:00:00,Inventarios,186125.0,TM
1946,2019-04-25T00:00:00,Cobre,289.188,¢US/lb
1947,2019-04-25T00:00:00,Oro,1277.85,US$/ozt
1948,2019-04-25T00:00:00,Plata,14.865,US$/ozt
1949,2019-04-25T00:00:00,Molibdeno,N.D.,¢US/lb
1950,2019-04-25T00:00:00,Inventarios,194800.0,TM
1951,2019-04-26T00:00:00,Cobre,289.982,¢US/lb
1952,2019-04-26T00:00:00,Oro,1281.5,US$/ozt
1953,2019-04-26T00:00:00,Plata,15.0,US$/ozt
1954,2019-04-26T00:00:00,Molibdeno,N.D.,¢US/lb
1955,2019-04-26T00:00:00,Inventarios,195900.0,TM
1956,2019-04-29T00:00:00,Cobre,289.211,¢US/lb
1957,2019-04-29T00:00:00,Oro,1282.15,US$/ozt
1958,2019-04-29T00:00:00,Plata,14.97,US$/ozt
1959,2019-04-29T00:00:00,Molibdeno,N.D.,¢US/lb
1960,2019-04-29T00:00:00,Inventarios,232225.0,TM
1961,2019-04-30T00:00:00,Cobre,292.204,¢US/lb
1962,2019-04-30T00:00:00,Oro,1285.15,US$/ozt
1963,2019-04-30T00:00:00,Plata,14.985,US$/ozt
1964,2019-04-30T00:00:00,Molibdeno,N.D.,¢US/lb
1965,2019-04-30T00:00:00,Inventarios,229175.0,TM
1966,2019-01-05T00:00:00,Cobre,290.345,¢US/lb
1967,2019-01-05T00:00:00,Oro,1281.8,US$/ozt
1968,2019-01-05T00:00:00,Plata,14.88,US$/ozt
1969,2019-01-05T00:00:00,Molibdeno,N.D.,¢US/lb
1970,2019-01-05T00:00:00,Inventarios,225925.0,TM
1971,2019-02-05T00:00:00,Cobre,281.862,¢US/lb
1972,2019-02-05T00:00:00,Oro,1281.8,US$/ozt
1973,2019-02-05T00:00:00,Plata,14.88,US$/ozt
1974,2019-02-05T00:00:00,Molibdeno,N.D.,¢US/lb
1975,2019-02-05T00:00:00,Inventarios,231950.0,TM
1976,2019-03-05T00:00:00,Cobre,280.32,¢US/lb
1977,2019-03-05T00:00:00,Oro,1270.05,US$/ozt
1978,2019-03-05T00:00:00,Plata,14.655,US$/ozt
1979,2019-03-05T00:00:00,Molibdeno,N.D.,¢US/lb
1980,2019-03-05T00:00:00,Inventarios,228275.0,TM
1981,2019-06-05T00:00:00,Cobre,FERIADO,¢US/lb
1982,2019-06-05T00:00:00,Oro,FERIADO,US$/ozt
1983,2019-06-05T00:00:00,Plata,FERIADO,US$/ozt
1984,2019-06-05T00:00:00,Molibdeno,FERIADO,¢US/lb
1985,2019-06-05T00:00:00,Inventarios,FERIADO,TM
1986,2019-07-05T00:00:00,Cobre,280.048,¢US/lb
1987,2019-07-05T00:00:00,Oro,1281.3,US$/ozt
1988,2019-07-05T00:00:00,Plata,14.83,US$/ozt
1989,2019-07-05T00:00:00,Molibdeno,N.D.,¢US/lb
1990,2019-07-05T00:00:00,Inventarios,230075.0,TM
1991,2019-08-05T00:00:00,Cobre,276.828,¢US/lb
1992,2019-08-05T00:00:00,Oro,1287.75,US$/ozt
1993,2019-08-05T00:00:00,Plata,14.93,US$/ozt
1994,2019-08-05T00:00:00,Molibdeno,N.D.,¢US/lb
1995,2019-08-05T00:00:00,Inventarios,227200.0,TM
1996,2019-09-05T00:00:00,Cobre,277.236,¢US/lb
1997,2019-09-05T00:00:00,Oro,1284.1,US$/ozt
1998,2019-09-05T00:00:00,Plata,14.82,US$/ozt
1999,2019-09-05T00:00:00,Molibdeno,N.D.,¢US/lb
2000,2019-09-05T00:00:00,Inventarios,217975.0,TM
2001,2019-10-06T00:00:00,Cobre,278.302,¢US/lb
2002,2019-10-06T00:00:00,Oro,1285.4,US$/ozt
2003,2019-10-06T00:00:00,Plata,14.795,US$/ozt
2004,2019-10-06T00:00:00,Molibdeno,N.D.,¢US/lb
2005,2019-10-06T00:00:00,Inventarios,211475.0,TM
2006,2019-05-13T00:00:00,Cobre,274.083,¢US/lb
2007,2019-05-13T00:00:00,Oro,1282.95,US$/ozt
2008,2019-05-13T00:00:00,Plata,14.66,US$/ozt
2009,2019-05-13T00:00:00,Molibdeno,N.D.,¢US/lb
2010,2019-05-13T00:00:00,Inventarios,203750.0,TM
2011,2019-05-14T00:00:00,Cobre,272.473,¢US/lb
2012,2019-05-14T00:00:00,Oro,1297.6,US$/ozt
2013,2019-05-14T00:00:00,Plata,14.755,US$/ozt
2014,2019-05-14T00:00:00,Molibdeno,N.D.,¢US/lb
2015,2019-05-14T00:00:00,Inventarios,198650.0,TM
2016,2019-05-15T00:00:00,Cobre,272.246,¢US/lb
2017,2019-05-15T00:00:00,Oro,1298.9,US$/ozt
2018,2019-05-15T00:00:00,Plata,14.815,US$/ozt
2019,2019-05-15T00:00:00,Molibdeno,N.D.,¢US/lb
2020,2019-05-15T00:00:00,Inventarios,194250.0,TM
2021,2019-05-16T00:00:00,Cobre,276.192,¢US/lb
2022,2019-05-16T00:00:00,Oro,1295.55,US$/ozt
2023,2019-05-16T00:00:00,Plata,14.795,US$/ozt
2024,2019-05-16T00:00:00,Molibdeno,N.D.,¢US/lb
2025,2019-05-16T00:00:00,Inventarios,191725.0,TM
2026,2019-05-17T00:00:00,Cobre,273.289,¢US/lb
2027,2019-05-17T00:00:00,Oro,1285.8,US$/ozt
2028,2019-05-17T00:00:00,Plata,14.48,US$/ozt
2029,2019-05-17T00:00:00,Molibdeno,N.D.,¢US/lb
2030,2019-05-17T00:00:00,Inventarios,190550.0,TM
2031,2019-05-20T00:00:00,Cobre,271.475,¢US/lb
2032,2019-05-20T00:00:00,Oro,1275.25,US$/ozt
2033,2019-05-20T00:00:00,Plata,14.415,US$/ozt
2034,2019-05-20T00:00:00,Molibdeno,N.D.,¢US/lb
2035,2019-05-20T00:00:00,Inventarios,188725.0,TM
2036,2019-05-21T00:00:00,Cobre,272.337,¢US/lb
2037,2019-05-21T00:00:00,Oro,1276.0,US$/ozt
2038,2019-05-21T00:00:00,Plata,14.43,US$/ozt
2039,2019-05-21T00:00:00,Molibdeno,N.D.,¢US/lb
2040,2019-05-21T00:00:00,Inventarios,189250.0,TM
2041,2019-05-22T00:00:00,Cobre,268.527,¢US/lb
2042,2019-05-22T00:00:00,Oro,1274.0,US$/ozt
2043,2019-05-22T00:00:00,Plata,14.435,US$/ozt
2044,2019-05-22T00:00:00,Molibdeno,N.D.,¢US/lb
2045,2019-05-22T00:00:00,Inventarios,187700.0,TM
2046,2019-05-23T00:00:00,Cobre,265.805,¢US/lb
2047,2019-05-23T00:00:00,Oro,1275.95,US$/ozt
2048,2019-05-23T00:00:00,Plata,14.48,US$/ozt
2049,2019-05-23T00:00:00,Molibdeno,N.D.,¢US/lb
2050,2019-05-23T00:00:00,Inventarios,186475.0,TM
2051,2019-05-24T00:00:00,Cobre,268.481,¢US/lb
2052,2019-05-24T00:00:00,Oro,1281.5,US$/ozt
2053,2019-05-24T00:00:00,Plata,14.55,US$/ozt
2054,2019-05-24T00:00:00,Molibdeno,N.D.,¢US/lb
2055,2019-05-24T00:00:00,Inventarios,185825.0,TM
2056,2019-05-27T00:00:00,Cobre,FERIADO,¢US/lb
2057,2019-05-27T00:00:00,Oro,FERIADO,US$/ozt
2058,2019-05-27T00:00:00,Plata,FERIADO,US$/ozt
2059,2019-05-27T00:00:00,Molibdeno,FERIADO,¢US/lb
2060,2019-05-27T00:00:00,Inventarios,FERIADO,TM
2061,2019-05-28T00:00:00,Cobre,FERIADO,¢US/lb
2062,2019-05-28T00:00:00,Oro,FERIADO,US$/ozt
2063,2019-05-28T00:00:00,Plata,FERIADO,US$/ozt
2064,2019-05-28T00:00:00,Molibdeno,FERIADO,¢US/lb
2065,2019-05-28T00:00:00,Inventarios,FERIADO,TM
2066,2019-05-29T00:00:00,Cobre,270.182,¢US/lb
2067,2019-05-29T00:00:00,Oro,1283.9,US$/ozt
2068,2019-05-29T00:00:00,Plata,14.48,US$/ozt
2069,2019-05-29T00:00:00,Molibdeno,N.D.,¢US/lb
2070,2019-05-29T00:00:00,Inventarios,185575.0,TM
2071,2019-05-30T00:00:00,Cobre,265.127,¢US/lb
2072,2019-05-30T00:00:00,Oro,1276.45,US$/ozt
2073,2019-05-30T00:00:00,Plata,14.4,US$/ozt
2074,2019-05-30T00:00:00,Molibdeno,N.D.,¢US/lb
2075,2019-05-30T00:00:00,Inventarios,212450.0,TM
2076,2019-05-31T00:00:00,Cobre,262.199,¢US/lb
2077,2019-05-31T00:00:00,Oro,1296.0,US$/ozt
2078,2019-05-31T00:00:00,Plata,14.48,US$/ozt
2079,2019-05-31T00:00:00,Molibdeno,N.D.,¢US/lb
2080,2019-05-31T00:00:00,Inventarios,212000.0,TM
2081,2019-03-06T00:00:00,Cobre,262.902,¢US/lb
2082,2019-03-06T00:00:00,Oro,1313.95,US$/ozt
2083,2019-03-06T00:00:00,Plata,14.705,US$/ozt
2084,2019-03-06T00:00:00,Molibdeno,N.D.,¢US/lb
2085,2019-03-06T00:00:00,Inventarios,211800.0,TM
2086,2019-04-06T00:00:00,Cobre,263.265,¢US/lb
2087,2019-04-06T00:00:00,Oro,1323.6,US$/ozt
2088,2019-04-06T00:00:00,Plata,14.72,US$/ozt
2089,2019-04-06T00:00:00,Molibdeno,N.D.,¢US/lb
2090,2019-04-06T00:00:00,Inventarios,211775.0,TM
2091,2019-05-06T00:00:00,Cobre,264.558,¢US/lb
2092,2019-05-06T00:00:00,Oro,1337.75,US$/ozt
2093,2019-05-06T00:00:00,Plata,14.84,US$/ozt
2094,2019-05-06T00:00:00,Molibdeno,N.D.,¢US/lb
2095,2019-05-06T00:00:00,Inventarios,212050.0,TM
2096,2019-06-06T00:00:00,Cobre,263.31,¢US/lb
2097,2019-06-06T00:00:00,Oro,1336.65,US$/ozt
2098,2019-06-06T00:00:00,Plata,14.955,US$/ozt
2099,2019-06-06T00:00:00,Molibdeno,N.D.,¢US/lb
2100,2019-06-06T00:00:00,Inventarios,211650.0,TM
2101,2019-07-06T00:00:00,Cobre,261723.0,¢US/lb
2102,2019-07-06T00:00:00,Oro,1334.3,US$/ozt
2103,2019-07-06T00:00:00,Plata,14.91,US$/ozt
2104,2019-07-06T00:00:00,Molibdeno,N.D.,¢US/lb
2105,2019-07-06T00:00:00,Inventarios,211575.0,TM
2106,2019-10-06T00:00:00,Cobre,262539.0,¢US/lb
2107,2019-10-06T00:00:00,Oro,1328.6,US$/ozt
2108,2019-10-06T00:00:00,Plata,14.745,US$/ozt
2109,2019-10-06T00:00:00,Molibdeno,N.D.,¢US/lb
2110,2019-10-06T00:00:00,Inventarios,211350.0,TM
2111,2019-11-06T00:00:00,Cobre,267.846,¢US/lb
2112,2019-11-06T00:00:00,Oro,1322.65,US$/ozt
2113,2019-11-06T00:00:00,Plata,14.695,US$/ozt
2114,2019-11-06T00:00:00,Molibdeno,N.D.,¢US/lb
2115,2019-11-06T00:00:00,Inventarios,211225.0,TM
2116,2019-12-06T00:00:00,Cobre,264.376,¢US/lb
2117,2019-12-06T00:00:00,Oro,1336.65,US$/ozt
2118,2019-12-06T00:00:00,Plata,14.79,US$/ozt
2119,2019-12-06T00:00:00,Molibdeno,N.D.,¢US/lb
2120,2019-12-06T00:00:00,Inventarios,210900.0,TM
2121,2019-06-13T00:00:00,Cobre,262.97,¢US/lb
2122,2019-06-13T00:00:00,Oro,1335.8,US$/ozt
2123,2019-06-13T00:00:00,Plata,14.795,US$/ozt
2124,2019-06-13T00:00:00,Molibdeno,N.D.,¢US/lb
2125,2019-06-13T00:00:00,Inventarios,248550.0,TM
2126,2019-06-14T00:00:00,Cobre,263.333,¢US/lb
2127,2019-06-14T00:00:00,Oro,1352.449951,US$/ozt
2128,2019-06-14T00:00:00,Plata,15.02499962,US$/ozt
2129,2019-06-14T00:00:00,Molibdeno,N.D.,¢US/lb
2130,2019-06-14T00:00:00,Inventarios,252425.0,TM
2131,2019-06-17T00:00:00,Cobre,261.088,¢US/lb
2132,2019-06-17T00:00:00,Oro,1333.2,US$/ozt
2133,2019-06-17T00:00:00,Plata,14.78,US$/ozt
2134,2019-06-17T00:00:00,Molibdeno,N.D.,¢US/lb
2135,2019-06-17T00:00:00,Inventarios,251350.0,TM
2136,2019-06-18T00:00:00,Cobre,265.284,¢US/lb
2137,2019-06-18T00:00:00,Oro,1344.55,US$/ozt
2138,2019-06-18T00:00:00,Plata,14.895,US$/ozt
2139,2019-06-18T00:00:00,Molibdeno,N.D.,¢US/lb
2140,2019-06-18T00:00:00,Inventarios,250750.0,TM
2141,2019-06-19T00:00:00,Cobre,267.393,¢US/lb
2142,2019-06-19T00:00:00,Oro,1342.4,US$/ozt
2143,2019-06-19T00:00:00,Plata,14.945,US$/ozt
2144,2019-06-19T00:00:00,Molibdeno,N.D.,¢US/lb
2145,2019-06-19T00:00:00,Inventarios,248375.0,TM
2146,2019-06-20T00:00:00,Cobre,270.432,¢US/lb
2147,2019-06-20T00:00:00,Oro,1381.65,US$/ozt
2148,2019-06-20T00:00:00,Plata,15.33,US$/ozt
2149,2019-06-20T00:00:00,Molibdeno,N.D.,¢US/lb
2150,2019-06-20T00:00:00,Inventarios,247050.0,TM
2151,2019-06-21T00:00:00,Cobre,269.479,¢US/lb
2152,2019-06-21T00:00:00,Oro,1388.3,US$/ozt
2153,2019-06-21T00:00:00,Plata,15.3,US$/ozt
2154,2019-06-21T00:00:00,Molibdeno,N.D.,¢US/lb
2155,2019-06-21T00:00:00,Inventarios,246050.0,TM
2156,2019-06-24T00:00:00,Cobre,268.391,¢US/lb
2157,2019-06-24T00:00:00,Oro,1405.45,US$/ozt
2158,2019-06-24T00:00:00,Plata,15.37,US$/ozt
2159,2019-06-24T00:00:00,Molibdeno,N.D.,¢US/lb
2160,2019-06-24T00:00:00,Inventarios,244725.0,TM
2161,2019-06-25T00:00:00,Cobre,271.498,¢US/lb
2162,2019-06-25T00:00:00,Oro,1429.55,US$/ozt
2163,2019-06-25T00:00:00,Plata,15.4,US$/ozt
2164,2019-06-25T00:00:00,Molibdeno,N.D.,¢US/lb
2165,2019-06-25T00:00:00,Inventarios,242875.0,TM
2166,2019-06-26T00:00:00,Cobre,272.428,¢US/lb
2167,2019-06-26T00:00:00,Oro,1406.75,US$/ozt
2168,2019-06-26T00:00:00,Plata,15.255,US$/ozt
2169,2019-06-26T00:00:00,Molibdeno,N.D.,¢US/lb
2170,2019-06-26T00:00:00,Inventarios,241700.0,TM
2171,2019-06-27T00:00:00,Cobre,270.046,¢US/lb
2172,2019-06-27T00:00:00,Oro,1402.25,US$/ozt
2173,2019-06-27T00:00:00,Plata,15.25,US$/ozt
2174,2019-06-27T00:00:00,Molibdeno,N.D.,¢US/lb
2175,2019-06-27T00:00:00,Inventarios,241175.0,TM
2176,2019-06-28T00:00:00,Cobre,270.885,¢US/lb
2177,2019-06-28T00:00:00,Oro,1413.2,US$/ozt
2178,2019-06-28T00:00:00,Plata,15.22,US$/ozt
2179,2019-06-28T00:00:00,Molibdeno,N.D.,¢US/lb
2180,2019-06-28T00:00:00,Inventarios,241400.0,TM
2181,2019-01-07T00:00:00,Cobre,272.11,¢US/lb
2182,2019-01-07T00:00:00,Oro,1390.05,US$/ozt
2183,2019-01-07T00:00:00,Plata,15.26,US$/ozt
2184,2019-01-07T00:00:00,Molibdeno,N.D.,¢US/lb
2185,2019-01-07T00:00:00,Inventarios,240900.0,TM
2186,2019-02-07T00:00:00,Cobre,268.073,¢US/lb
2187,2019-02-07T00:00:00,Oro,1393.1,US$/ozt
2188,2019-02-07T00:00:00,Plata,15.17,US$/ozt
2189,2019-02-07T00:00:00,Molibdeno,N.D.,¢US/lb
2190,2019-02-07T00:00:00,Inventarios,239925.0,TM
2191,2019-03-07T00:00:00,Cobre,266.44,¢US/lb
2192,2019-03-07T00:00:00,Oro,1425.1,US$/ozt
2193,2019-03-07T00:00:00,Plata,15.31,US$/ozt
2194,2019-03-07T00:00:00,Molibdeno,N.D.,¢US/lb
2195,2019-03-07T00:00:00,Inventarios,272500.0,TM
2196,2019-04-07T00:00:00,Cobre,267.62,¢US/lb
2197,2019-04-07T00:00:00,Oro,1415.25,US$/ozt
2198,2019-04-07T00:00:00,Plata,15.28,US$/ozt
2199,2019-04-07T00:00:00,Molibdeno,N.D.,¢US/lb
2200,2019-04-07T00:00:00,Inventarios,271525.0,TM
2201,2019-05-07T00:00:00,Cobre,265.669,¢US/lb
2202,2019-05-07T00:00:00,Oro,1414.4,US$/ozt
2203,2019-05-07T00:00:00,Plata,15.21,US$/ozt
2204,2019-05-07T00:00:00,Molibdeno,N.D.,¢US/lb
2205,2019-05-07T00:00:00,Inventarios,302975.0,TM
2206,2019-08-07T00:00:00,Cobre,268.164,¢US/lb
2207,2019-08-07T00:00:00,Oro,1404.9,US$/ozt
2208,2019-08-07T00:00:00,Plata,15.07,US$/ozt
2209,2019-08-07T00:00:00,Molibdeno,N.D.,¢US/lb
2210,2019-08-07T00:00:00,Inventarios,298300.0,TM
2211,2019-09-07T00:00:00,Cobre,263.31,¢US/lb
2212,2019-09-07T00:00:00,Oro,1387.9,US$/ozt
2213,2019-09-07T00:00:00,Plata,15.025,US$/ozt
2214,2019-09-07T00:00:00,Molibdeno,N.D.,¢US/lb
2215,2019-09-07T00:00:00,Inventarios,296025.0,TM
2216,2019-10-07T00:00:00,Cobre,265.919,¢US/lb
2217,2019-10-07T00:00:00,Oro,1395.45,US$/ozt
2218,2019-10-07T00:00:00,Plata,15.095,US$/ozt
2219,2019-10-07T00:00:00,Molibdeno,N.D.,¢US/lb
2220,2019-10-07T00:00:00,Inventarios,293525.0,TM
2221,2019-11-07T00:00:00,Cobre,268.754,¢US/lb
2222,2019-11-07T00:00:00,Oro,1423.1,US$/ozt
2223,2019-11-07T00:00:00,Plata,15.265,US$/ozt
2224,2019-11-07T00:00:00,Molibdeno,N.D.,¢US/lb
2225,2019-11-07T00:00:00,Inventarios,290000.0,TM
2226,2019-12-07T00:00:00,Cobre,269.888,¢US/lb
2227,2019-12-07T00:00:00,Oro,1405.6,US$/ozt
2228,2019-12-07T00:00:00,Plata,15.14,US$/ozt
2229,2019-12-07T00:00:00,Molibdeno,N.D.,¢US/lb
2230,2019-12-07T00:00:00,Inventarios,288200.0,TM
2231,2019-07-15T00:00:00,Cobre,272.042,¢US/lb
2232,2019-07-15T00:00:00,Oro,1413.25,US$/ozt
2233,2019-07-15T00:00:00,Plata,15.32,US$/ozt
2234,2019-07-15T00:00:00,Molibdeno,N.D.,¢US/lb
2235,2019-07-15T00:00:00,Inventarios,285825.0,TM
2236,2019-07-16T00:00:00,Cobre,270.296,¢US/lb
2237,2019-07-16T00:00:00,Oro,1416.1,US$/ozt
2238,2019-07-16T00:00:00,Plata,15.395,US$/ozt
2239,2019-07-16T00:00:00,Molibdeno,N.D.,¢US/lb
2240,2019-07-16T00:00:00,Inventarios,292925.0,TM
2241,2019-07-17T00:00:00,Cobre,268.617,¢US/lb
2242,2019-07-17T00:00:00,Oro,1400.8,US$/ozt
2243,2019-07-17T00:00:00,Plata,15.61,US$/ozt
2244,2019-07-17T00:00:00,Molibdeno,N.D.,¢US/lb
2245,2019-07-17T00:00:00,Inventarios,299600.0,TM
2246,2019-07-18T00:00:00,Cobre,269.797,¢US/lb
2247,2019-07-18T00:00:00,Oro,1420.9,US$/ozt
2248,2019-07-18T00:00:00,Plata,16.03,US$/ozt
2249,2019-07-18T00:00:00,Molibdeno,N.D.,¢US/lb
2250,2019-07-18T00:00:00,Inventarios,298025.0,TM
2251,2019-07-19T00:00:00,Cobre,275.149,¢US/lb
2252,2019-07-19T00:00:00,Oro,1437.05,US$/ozt
2253,2019-07-19T00:00:00,Plata,16.315,US$/ozt
2254,2019-07-19T00:00:00,Molibdeno,N.D.,¢US/lb
2255,2019-07-19T00:00:00,Inventarios,296450.0,TM
2256,2019-07-22T00:00:00,Cobre,272.496,¢US/lb
2257,2019-07-22T00:00:00,Oro,1424.45,US$/ozt
2258,2019-07-22T00:00:00,Plata,16.385,US$/ozt
2259,2019-07-22T00:00:00,Molibdeno,N.D.,¢US/lb
2260,2019-07-22T00:00:00,Inventarios,295725.0,TM
2261,2019-07-23T00:00:00,Cobre,270.727,¢US/lb
2262,2019-07-23T00:00:00,Oro,1417.55,US$/ozt
2263,2019-07-23T00:00:00,Plata,16.43,US$/ozt
2264,2019-07-23T00:00:00,Molibdeno,N.D.,¢US/lb
2265,2019-07-23T00:00:00,Inventarios,293375.0,TM
2266,2019-07-24T00:00:00,Cobre,271.248,¢US/lb
2267,2019-07-24T00:00:00,Oro,1425.55,US$/ozt
2268,2019-07-24T00:00:00,Plata,16.535,US$/ozt
2269,2019-07-24T00:00:00,Molibdeno,N.D.,¢US/lb
2270,2019-07-24T00:00:00,Inventarios,295000.0,TM
2271,2019-07-25T00:00:00,Cobre,272.609,¢US/lb
2272,2019-07-25T00:00:00,Oro,1426.35,US$/ozt
2273,2019-07-25T00:00:00,Plata,16.535,US$/ozt
2274,2019-07-25T00:00:00,Molibdeno,N.D.,¢US/lb
2275,2019-07-25T00:00:00,Inventarios,295475.0,TM
2276,2019-07-29T00:00:00,Cobre,269.865,¢US/lb
2277,2019-07-29T00:00:00,Oro,1418.95,US$/ozt
2278,2019-07-29T00:00:00,Plata,16.39,US$/ozt
2279,2019-07-29T00:00:00,Molibdeno,N.D.,¢US/lb
2280,2019-07-29T00:00:00,Inventarios,292950.0,TM
2281,2019-07-30T00:00:00,Cobre,269.57,¢US/lb
2282,2019-07-30T00:00:00,Oro,1428.45,US$/ozt
2283,2019-07-30T00:00:00,Plata,16.455,US$/ozt
2284,2019-07-30T00:00:00,Molibdeno,N.D.,¢US/lb
2285,2019-07-30T00:00:00,Inventarios,292550.0,TM
2286,2019-07-31T00:00:00,Cobre,269.799,¢US/lb
2287,2019-07-31T00:00:00,Oro,1440.55,US$/ozt
2288,2019-07-31T00:00:00,Plata,16.475,US$/ozt
2289,2019-07-31T00:00:00,Molibdeno,N.D.,¢US/lb
2290,2019-07-31T00:00:00,Inventarios,290500.0,TM
2291,2019-01-08T00:00:00,Cobre,266.531,¢US/lb
2292,2019-01-08T00:00:00,Oro,1406.4,US$/ozt
2293,2019-01-08T00:00:00,Plata,16.005,US$/ozt
2294,2019-01-08T00:00:00,Molibdeno,N.D.,¢US/lb
2295,2019-01-08T00:00:00,Inventarios,287800.0,TM
2296,2019-02-08T00:00:00,Cobre,261.678,¢US/lb
2297,2019-02-08T00:00:00,Oro,1436.05,US$/ozt
2298,2019-02-08T00:00:00,Plata,16.195,US$/ozt
2299,2019-02-08T00:00:00,Molibdeno,N.D.,¢US/lb
2300,2019-02-08T00:00:00,Inventarios,286600.0,TM
2301,2019-05-08T00:00:00,Cobre,256.144,¢US/lb
2302,2019-05-08T00:00:00,Oro,1457.45,US$/ozt
2303,2019-05-08T00:00:00,Plata,16.485,US$/ozt
2304,2019-05-08T00:00:00,Molibdeno,N.D.,¢US/lb
2305,2019-05-08T00:00:00,Inventarios,283275.0,TM
2306,2019-06-08T00:00:00,Cobre,257.051,¢US/lb
2307,2019-06-08T00:00:00,Oro,1461.85,US$/ozt
2308,2019-06-08T00:00:00,Plata,16.385,US$/ozt
2309,2019-06-08T00:00:00,Molibdeno,N.D.,¢US/lb
2310,2019-06-08T00:00:00,Inventarios,277975.0,TM
2311,2019-07-08T00:00:00,Cobre,257.346,¢US/lb
2312,2019-07-08T00:00:00,Oro,1487.65,US$/ozt
2313,2019-07-08T00:00:00,Plata,16.82,US$/ozt
2314,2019-07-08T00:00:00,Molibdeno,N.D.,¢US/lb
2315,2019-07-08T00:00:00,Inventarios,275950.0,TM
2316,2019-08-08T00:00:00,Cobre,259.591,¢US/lb
2317,2019-08-08T00:00:00,Oro,1497.4,US$/ozt
2318,2019-08-08T00:00:00,Plata,17.02,US$/ozt
2319,2019-08-08T00:00:00,Molibdeno,N.D.,¢US/lb
2320,2019-08-08T00:00:00,Inventarios,274525.0,TM
2321,2019-09-08T00:00:00,Cobre,260.544,¢US/lb
2322,2019-09-08T00:00:00,Oro,1503.5,US$/ozt
2323,2019-09-08T00:00:00,Plata,17.0,US$/ozt
2324,2019-09-08T00:00:00,Molibdeno,N.D.,¢US/lb
2325,2019-09-08T00:00:00,Inventarios,271725.0,TM
2326,2019-12-08T00:00:00,Cobre,259.659,¢US/lb
2327,2019-12-08T00:00:00,Oro,1501.95,US$/ozt
2328,2019-12-08T00:00:00,Plata,16.955,US$/ozt
2329,2019-12-08T00:00:00,Molibdeno,N.D.,¢US/lb
2330,2019-12-08T00:00:00,Inventarios,273350.0,TM
2331,2019-08-13T00:00:00,Cobre,258.412,¢US/lb
2332,2019-08-13T00:00:00,Oro,1527.2,US$/ozt
2333,2019-08-13T00:00:00,Plata,17.445,US$/ozt
2334,2019-08-13T00:00:00,Molibdeno,N.D.,¢US/lb
2335,2019-08-13T00:00:00,Inventarios,273350.0,TM
2336,2019-08-14T00:00:00,Cobre,259.999,¢US/lb
2337,2019-08-14T00:00:00,Oro,1500.35,US$/ozt
2338,2019-08-14T00:00:00,Plata,17.115,US$/ozt
2339,2019-08-14T00:00:00,Molibdeno,N.D.,¢US/lb
2340,2019-08-14T00:00:00,Inventarios,271800.0,TM
2341,2019-08-15T00:00:00,Cobre,258.389,¢US/lb
2342,2019-08-15T00:00:00,Oro,1517.65,US$/ozt
2343,2019-08-15T00:00:00,Plata,17.29,US$/ozt
2344,2019-08-15T00:00:00,Molibdeno,N.D.,¢US/lb
2345,2019-08-15T00:00:00,Inventarios,301750.0,TM
2346,2019-08-16T00:00:00,Cobre,259001.0,¢US/lb
2347,2019-08-16T00:00:00,Oro,1509.05,US$/ozt
2348,2019-08-16T00:00:00,Plata,17.16,US$/ozt
2349,2019-08-16T00:00:00,Molibdeno,N.D.,¢US/lb
2350,2019-08-16T00:00:00,Inventarios,331975.0,TM
2351,2019-08-19T00:00:00,Cobre,261.065,¢US/lb
2352,2019-08-19T00:00:00,Oro,1499.35,US$/ozt
2353,2019-08-19T00:00:00,Plata,16.925,US$/ozt
2354,2019-08-19T00:00:00,Molibdeno,N.D.,¢US/lb
2355,2019-08-19T00:00:00,Inventarios,330125.0,TM
2356,2019-08-20T00:00:00,Cobre,258.457,¢US/lb
2357,2019-08-20T00:00:00,Oro,1502.65,US$/ozt
2358,2019-08-20T00:00:00,Plata,17.02,US$/ozt
2359,2019-08-20T00:00:00,Molibdeno,N.D.,¢US/lb
2360,2019-08-20T00:00:00,Inventarios,329600.0,TM
2361,2019-08-21T00:00:00,Cobre,258.389,¢US/lb
2362,2019-08-21T00:00:00,Oro,1499.65,US$/ozt
2363,2019-08-21T00:00:00,Plata,17.11,US$/ozt
2364,2019-08-21T00:00:00,Molibdeno,N.D.,¢US/lb
2365,2019-08-21T00:00:00,Inventarios,329575.0,TM
2366,2019-08-22T00:00:00,Cobre,257.096,¢US/lb
2367,2019-08-22T00:00:00,Oro,1498.7,US$/ozt
2368,2019-08-22T00:00:00,Plata,16.96,US$/ozt
2369,2019-08-22T00:00:00,Molibdeno,N.D.,¢US/lb
2370,2019-08-22T00:00:00,Inventarios,328250.0,TM
2371,2019-08-23T00:00:00,Cobre,257.414,¢US/lb
2372,2019-08-23T00:00:00,Oro,1495.5,US$/ozt
2373,2019-08-23T00:00:00,Plata,17.05,US$/ozt
2374,2019-08-23T00:00:00,Molibdeno,N.D.,¢US/lb
2375,2019-08-23T00:00:00,Inventarios,331925.0,TM
2376,2019-08-26T00:00:00,Cobre,257.414,¢US/lb
2377,2019-08-26T00:00:00,Oro,1495.5,US$/ozt
2378,2019-08-26T00:00:00,Plata,17.05,US$/ozt
2379,2019-08-26T00:00:00,Molibdeno,N.D.,¢US/lb
2380,2019-08-26T00:00:00,Inventarios,331925.0,TM
2381,2019-08-27T00:00:00,Cobre,256.824,¢US/lb
2382,2019-08-27T00:00:00,Oro,1531.85,US$/ozt
2383,2019-08-27T00:00:00,Plata,17.725,US$/ozt
2384,2019-08-27T00:00:00,Molibdeno,N.D.,¢US/lb
2385,2019-08-27T00:00:00,Inventarios,333975.0,TM
2386,2019-08-28T00:00:00,Cobre,256.416,¢US/lb
2387,2019-08-28T00:00:00,Oro,1541.75,US$/ozt
2388,2019-08-28T00:00:00,Plata,18.365,US$/ozt
2389,2019-08-28T00:00:00,Molibdeno,N.D.,¢US/lb
2390,2019-08-28T00:00:00,Inventarios,334700.0,TM
2391,2019-08-29T00:00:00,Cobre,259.546,¢US/lb
2392,2019-08-29T00:00:00,Oro,1536.65,US$/ozt
2393,2019-08-29T00:00:00,Plata,18.48,US$/ozt
2394,2019-08-29T00:00:00,Molibdeno,N.D.,¢US/lb
2395,2019-08-29T00:00:00,Inventarios,336575.0,TM
2396,2019-08-30T00:00:00,Cobre,257.55,¢US/lb
2397,2019-08-30T00:00:00,Oro,1526.55,US$/ozt
2398,2019-08-30T00:00:00,Plata,18.385,US$/ozt
2399,2019-08-30T00:00:00,Molibdeno,N.D.,¢US/lb
2400,2019-08-30T00:00:00,Inventarios,337675.0,TM
2401,2019-02-09T00:00:00,Cobre,254.488,¢US/lb
2402,2019-02-09T00:00:00,Oro,1523.35,US$/ozt
2403,2019-02-09T00:00:00,Plata,18.35,US$/ozt
2404,2019-02-09T00:00:00,Molibdeno,N.D.,¢US/lb
2405,2019-02-09T00:00:00,Inventarios,335850.0,TM
2406,2019-03-09T00:00:00,Cobre,251.154,¢US/lb
2407,2019-03-09T00:00:00,Oro,1532.45,US$/ozt
2408,2019-03-09T00:00:00,Plata,18.475,US$/ozt
2409,2019-03-09T00:00:00,Molibdeno,N.D.,¢US/lb
2410,2019-03-09T00:00:00,Inventarios,330050.0,TM
2411,2019-04-09T00:00:00,Cobre,256.869,¢US/lb
2412,2019-04-09T00:00:00,Oro,1538.8,US$/ozt
2413,2019-04-09T00:00:00,Plata,19.305,US$/ozt
2414,2019-04-09T00:00:00,Molibdeno,N.D.,¢US/lb
2415,2019-04-09T00:00:00,Inventarios,323550.0,TM
2416,2019-05-09T00:00:00,Cobre,262.04,¢US/lb
2417,2019-05-09T00:00:00,Oro,1542.6,US$/ozt
2418,2019-05-09T00:00:00,Plata,19.22,US$/ozt
2419,2019-05-09T00:00:00,Molibdeno,N.D.,¢US/lb
2420,2019-05-09T00:00:00,Inventarios,318675.0,TM
2421,2019-06-09T00:00:00,Cobre,262.517,¢US/lb
2422,2019-06-09T00:00:00,Oro,1504.95,US$/ozt
2423,2019-06-09T00:00:00,Plata,18.145,US$/ozt
2424,2019-06-09T00:00:00,Molibdeno,N.D.,¢US/lb
2425,2019-06-09T00:00:00,Inventarios,313275.0,TM
2426,2019-09-09T00:00:00,Cobre,261.768,¢US/lb
2427,2019-09-09T00:00:00,Oro,1509.95,US$/ozt
2428,2019-09-09T00:00:00,Plata,18.17,US$/ozt
2429,2019-09-09T00:00:00,Molibdeno,N.D.,¢US/lb
2430,2019-09-09T00:00:00,Inventarios,310350.0,TM
2431,2019-10-09T00:00:00,Cobre,260.271,¢US/lb
2432,2019-10-09T00:00:00,Oro,1494.6,US$/ozt
2433,2019-10-09T00:00:00,Plata,17.99,US$/ozt
2434,2019-10-09T00:00:00,Molibdeno,N.D.,¢US/lb
2435,2019-10-09T00:00:00,Inventarios,310450.0,TM
2436,2019-11-09T00:00:00,Cobre,261.496,¢US/lb
2437,2019-11-09T00:00:00,Oro,1493.65,US$/ozt
2438,2019-11-09T00:00:00,Plata,18.165,US$/ozt
2439,2019-11-09T00:00:00,Molibdeno,N.D.,¢US/lb
2440,2019-11-09T00:00:00,Inventarios,305225.0,TM
2441,2019-12-09T00:00:00,Cobre,265.011,¢US/lb
2442,2019-12-09T00:00:00,Oro,1502.95,US$/ozt
2443,2019-12-09T00:00:00,Plata,18.19,US$/ozt
2444,2019-12-09T00:00:00,Molibdeno,N.D.,¢US/lb
2445,2019-12-09T00:00:00,Inventarios,299750.0,TM
2446,2019-09-13T00:00:00,Cobre,266.259,¢US/lb
2447,2019-09-13T00:00:00,Oro,1506.3,US$/ozt
2448,2019-09-13T00:00:00,Plata,18.145,US$/ozt
2449,2019-09-13T00:00:00,Molibdeno,N.D.,¢US/lb
2450,2019-09-13T00:00:00,Inventarios,296625.0,TM
2451,2019-09-16T00:00:00,Cobre,266.576,¢US/lb
2452,2019-09-16T00:00:00,Oro,1502.05,US$/ozt
2453,2019-09-16T00:00:00,Plata,17.835,US$/ozt
2454,2019-09-16T00:00:00,Molibdeno,N.D.,¢US/lb
2455,2019-09-16T00:00:00,Inventarios,301925.0,TM
2456,2019-09-17T00:00:00,Cobre,261.36,¢US/lb
2457,2019-09-17T00:00:00,Oro,1499.3,US$/ozt
2458,2019-09-17T00:00:00,Plata,17.84,US$/ozt
2459,2019-09-17T00:00:00,Molibdeno,N.D.,¢US/lb
2460,2019-09-17T00:00:00,Inventarios,299325.0,TM
2461,2019-09-18T00:00:00,Cobre,260.589,¢US/lb
2462,2019-09-18T00:00:00,Oro,"1.502,20",US$/ozt
2463,2019-09-18T00:00:00,Plata,17.85,US$/ozt
2464,2019-09-18T00:00:00,Molibdeno,N.D.,¢US/lb
2465,2019-09-18T00:00:00,Inventarios,295800.0,TM
2466,2019-09-19T00:00:00,Cobre,261.201,¢US/lb
2467,2019-09-19T00:00:00,Oro,1498.4,US$/ozt
2468,2019-09-19T00:00:00,Plata,17.755,US$/ozt
2469,2019-09-19T00:00:00,Molibdeno,N.D.,¢US/lb
2470,2019-09-19T00:00:00,Inventarios,290800.0,TM
2471,2019-09-20T00:00:00,Cobre,262.063,¢US/lb
2472,2019-09-20T00:00:00,Oro,1504.1,US$/ozt
2473,2019-09-20T00:00:00,Plata,17.88,US$/ozt
2474,2019-09-20T00:00:00,Molibdeno,N.D.,¢US/lb
2475,2019-09-20T00:00:00,Inventarios,287150.0,TM
2476,2019-09-23T00:00:00,Cobre,258.321,¢US/lb
2477,2019-09-23T00:00:00,Oro,1519.5,US$/ozt
2478,2019-09-23T00:00:00,Plata,18.38,US$/ozt
2479,2019-09-23T00:00:00,Molibdeno,N.D.,¢US/lb
2480,2019-09-23T00:00:00,Inventarios,283550.0,TM
2481,2019-09-24T00:00:00,Cobre,261.315,¢US/lb
2482,2019-09-24T00:00:00,Oro,1520.25,US$/ozt
2483,2019-09-24T00:00:00,Plata,18.56,US$/ozt
2484,2019-09-24T00:00:00,Molibdeno,N.D.,¢US/lb
2485,2019-09-24T00:00:00,Inventarios,280150.0,TM
2486,2019-09-25T00:00:00,Cobre,259.387,¢US/lb
2487,2019-09-25T00:00:00,Oro,1530.85,US$/ozt
2488,2019-09-25T00:00:00,Plata,18.57,US$/ozt
2489,2019-09-25T00:00:00,Molibdeno,N.D.,¢US/lb
2490,2019-09-25T00:00:00,Inventarios,276825.0,TM
2491,2019-09-26T00:00:00,Cobre,261.133,¢US/lb
2492,2019-09-26T00:00:00,Oro,1507.05,US$/ozt
2493,2019-09-26T00:00:00,Plata,17.97,US$/ozt
2494,2019-09-26T00:00:00,Molibdeno,N.D.,¢US/lb
2495,2019-09-26T00:00:00,Inventarios,271875.0,TM
2496,2019-09-27T00:00:00,Cobre,259.183,¢US/lb
2497,2019-09-27T00:00:00,Oro,1496.15,US$/ozt
2498,2019-09-27T00:00:00,Plata,17.52,US$/ozt
2499,2019-09-27T00:00:00,Molibdeno,N.D.,¢US/lb
2500,2019-09-27T00:00:00,Inventarios,266225.0,TM
2501,2019-09-30T00:00:00,Cobre,259.818,¢US/lb
2502,2019-09-30T00:00:00,Oro,1487.6,US$/ozt
2503,2019-09-30T00:00:00,Plata,17.255,US$/ozt
2504,2019-09-30T00:00:00,Molibdeno,N.D.,¢US/lb
2505,2019-09-30T00:00:00,Inventarios,264425.0,TM
2506,2019-01-10T00:00:00,Cobre,254.465,¢US/lb
2507,2019-01-10T00:00:00,Oro,1466.1,US$/ozt
2508,2019-01-10T00:00:00,Plata,17.11,US$/ozt
2509,2019-01-10T00:00:00,Molibdeno,N.D.,¢US/lb
2510,2019-01-10T00:00:00,Inventarios,258775.0,TM
2511,2019-02-10T00:00:00,Cobre,255.327,¢US/lb
2512,2019-02-10T00:00:00,Oro,1484.05,US$/ozt
2513,2019-02-10T00:00:00,Plata,"",US$/ozt
2514,2019-02-10T00:00:00,Molibdeno,N.D.,¢US/lb
2515,2019-02-10T00:00:00,Inventarios,254075.0,TM
2516,2019-03-10T00:00:00,Cobre,255.191,¢US/lb
2517,2019-03-10T00:00:00,Oro,1504.0,US$/ozt
2518,2019-03-10T00:00:00,Plata,17.6,US$/ozt
2519,2019-03-10T00:00:00,Molibdeno,N.D.,¢US/lb
2520,2019-03-10T00:00:00,Inventarios,290250.0,TM
2521,2019-04-10T00:00:00,Cobre,253.966,¢US/lb
2522,2019-04-10T00:00:00,Oro,1509.5,US$/ozt
2523,2019-04-10T00:00:00,Plata,17.605,US$/ozt
2524,2019-04-10T00:00:00,Molibdeno,N.D.,¢US/lb
2525,2019-04-10T00:00:00,Inventarios,288425.0,TM
2526,2019-07-10T00:00:00,Cobre,255.191,¢US/lb
2527,2019-07-10T00:00:00,Oro,1502.15,US$/ozt
2528,2019-07-10T00:00:00,Plata,17.425,US$/ozt
2529,2019-07-10T00:00:00,Molibdeno,N.D.,¢US/lb
2530,2019-07-10T00:00:00,Inventarios,285600.0,TM
2531,2019-08-10T00:00:00,Cobre,256.302,¢US/lb
2532,2019-08-10T00:00:00,Oro,1500.0,US$/ozt
2533,2019-08-10T00:00:00,Plata,17.555,US$/ozt
2534,2019-08-10T00:00:00,Molibdeno,N.D.,¢US/lb
2535,2019-08-10T00:00:00,Inventarios,283350.0,TM
2536,2019-09-10T00:00:00,Cobre,256.733,¢US/lb
2537,2019-09-10T00:00:00,Oro,1503.4,US$/ozt
2538,2019-09-10T00:00:00,Plata,17.78,US$/ozt
2539,2019-09-10T00:00:00,Molibdeno,N.D.,¢US/lb
2540,2019-09-10T00:00:00,Inventarios,283125.0,TM
2541,2019-10-10T00:00:00,Cobre,258.48,¢US/lb
2542,2019-10-10T00:00:00,Oro,1508.2,US$/ozt
2543,2019-10-10T00:00:00,Plata,17.75,US$/ozt
2544,2019-10-10T00:00:00,Molibdeno,N.D.,¢US/lb
2545,2019-10-10T00:00:00,Inventarios,285600.0,TM
2546,2019-11-10T00:00:00,Cobre,261.405,¢US/lb
2547,2019-11-10T00:00:00,Oro,1498.35,US$/ozt
2548,2019-11-10T00:00:00,Plata,17.6,US$/ozt
2549,2019-11-10T00:00:00,Molibdeno,N.D.,¢US/lb
2550,2019-11-10T00:00:00,Inventarios,282325.0,TM
2551,2019-10-14T00:00:00,Cobre,259.387,¢US/lb
2552,2019-10-14T00:00:00,Oro,1494.2,US$/ozt
2553,2019-10-14T00:00:00,Plata,17.605,US$/ozt
2554,2019-10-14T00:00:00,Molibdeno,N.D.,¢US/lb
2555,2019-10-14T00:00:00,Inventarios,277350.0,TM
2556,2019-10-15T00:00:00,Cobre,260.589,¢US/lb
2557,2019-10-15T00:00:00,Oro,1494.75,US$/ozt
2558,2019-10-15T00:00:00,Plata,17.67,US$/ozt
2559,2019-10-15T00:00:00,Molibdeno,N.D.,¢US/lb
2560,2019-10-15T00:00:00,Inventarios,274975.0,TM
2561,2019-10-16T00:00:00,Cobre,257.822,¢US/lb
2562,2019-10-16T00:00:00,Oro,1482.55,US$/ozt
2563,2019-10-16T00:00:00,Plata,17.255,US$/ozt
2564,2019-10-16T00:00:00,Molibdeno,N.D.,¢US/lb
2565,2019-10-16T00:00:00,Inventarios,275575.0,TM
2566,2019-10-17T00:00:00,Cobre,259.75,¢US/lb
2567,2019-10-17T00:00:00,Oro,1484.45,US$/ozt
2568,2019-10-17T00:00:00,Plata,17.45,US$/ozt
2569,2019-10-17T00:00:00,Molibdeno,N.D.,¢US/lb
2570,2019-10-17T00:00:00,Inventarios,275100.0,TM
2571,2019-10-18T00:00:00,Cobre,260.861,¢US/lb
2572,2019-10-18T00:00:00,Oro,1487.5,US$/ozt
2573,2019-10-18T00:00:00,Plata,17.435,US$/ozt
2574,2019-10-18T00:00:00,Molibdeno,N.D.,¢US/lb
2575,2019-10-18T00:00:00,Inventarios,268400.0,TM
2576,2019-10-21T00:00:00,Cobre,263.991,¢US/lb
2577,2019-10-21T00:00:00,Oro,1490.85,US$/ozt
2578,2019-10-21T00:00:00,Plata,17.725,US$/ozt
2579,2019-10-21T00:00:00,Molibdeno,N.D.,¢US/lb
2580,2019-10-21T00:00:00,Inventarios,268200.0,TM
2581,2019-10-22T00:00:00,Cobre,262.811,¢US/lb
2582,2019-10-22T00:00:00,Oro,1487.45,US$/ozt
2583,2019-10-22T00:00:00,Plata,17.625,US$/ozt
2584,2019-10-22T00:00:00,Molibdeno,N.D.,¢US/lb
2585,2019-10-22T00:00:00,Inventarios,270350.0,TM
2586,2019-10-23T00:00:00,Cobre,261.859,¢US/lb
2587,2019-10-23T00:00:00,Oro,1494.25,US$/ozt
2588,2019-10-23T00:00:00,Plata,17.535,US$/ozt
2589,2019-10-23T00:00:00,Molibdeno,N.D.,¢US/lb
2590,2019-10-23T00:00:00,Inventarios,269525.0,TM
2591,2019-10-24T00:00:00,Cobre,266.213,¢US/lb
2592,2019-10-24T00:00:00,Oro,1488.85,US$/ozt
2593,2019-10-24T00:00:00,Plata,17.53,US$/ozt
2594,2019-10-24T00:00:00,Molibdeno,N.D.,¢US/lb
2595,2019-10-24T00:00:00,Inventarios,265250.0,TM
2596,2019-10-25T00:00:00,Cobre,266.145,¢US/lb
2597,2019-10-25T00:00:00,Oro,1504.65,US$/ozt
2598,2019-10-25T00:00:00,Plata,18.125,US$/ozt
2599,2019-10-25T00:00:00,Molibdeno,N.D.,¢US/lb
2600,2019-10-25T00:00:00,Inventarios,261025.0,TM
2601,2019-10-28T00:00:00,Cobre,267.098,¢US/lb
2602,2019-10-28T00:00:00,Oro,1505.05,US$/ozt
2603,2019-10-28T00:00:00,Plata,18.055,US$/ozt
2604,2019-10-28T00:00:00,Molibdeno,N.D.,¢US/lb
2605,2019-10-28T00:00:00,Inventarios,255650.0,TM
2606,2019-10-29T00:00:00,Cobre,266.69,¢US/lb
2607,2019-10-29T00:00:00,Oro,1492.75,US$/ozt
2608,2019-10-29T00:00:00,Plata,17.66,US$/ozt
2609,2019-10-29T00:00:00,Molibdeno,N.D.,¢US/lb
2610,2019-10-29T00:00:00,Inventarios,250750.0,TM
2611,2019-10-30T00:00:00,Cobre,266.848,¢US/lb
2612,2019-10-30T00:00:00,Oro,1490.15,US$/ozt
2613,2019-10-30T00:00:00,Plata,17.955,US$/ozt
2614,2019-10-30T00:00:00,Molibdeno,N.D.,¢US/lb
2615,2019-10-30T00:00:00,Inventarios,270325.0,TM
2616,2019-01-11T00:00:00,Cobre,262.948,¢US/lb
2617,2019-01-11T00:00:00,Oro,1509.85,US$/ozt
2618,2019-01-11T00:00:00,Plata,18.12,US$/ozt
2619,2019-01-11T00:00:00,Molibdeno,N.D.,¢US/lb
2620,2019-01-11T00:00:00,Inventarios,255025.0,TM
2621,2019-04-11T00:00:00,Cobre,265.193,¢US/lb
2622,2019-04-11T00:00:00,Oro,1509.2,US$/ozt
2623,2019-04-11T00:00:00,Plata,18.185,US$/ozt
2624,2019-04-11T00:00:00,Molibdeno,N.D.,¢US/lb
2625,2019-04-11T00:00:00,Inventarios,251475.0,TM
2626,2019-05-11T00:00:00,Cobre,266.712,¢US/lb
2627,2019-05-11T00:00:00,Oro,1504.6,US$/ozt
2628,2019-05-11T00:00:00,Plata,18.045,US$/ozt
2629,2019-05-11T00:00:00,Molibdeno,N.D.,¢US/lb
2630,2019-05-11T00:00:00,Inventarios,248000.0,TM
2631,2019-06-11T00:00:00,Cobre,268.232,¢US/lb
2632,2019-06-11T00:00:00,Oro,1488.55,US$/ozt
2633,2019-06-11T00:00:00,Plata,17.54,US$/ozt
2634,2019-06-11T00:00:00,Molibdeno,N.D.,¢US/lb
2635,2019-06-11T00:00:00,Inventarios,241925.0,TM
2636,2019-07-11T00:00:00,Cobre,269.479,¢US/lb
2637,2019-07-11T00:00:00,Oro,1484.1,US$/ozt
2638,2019-07-11T00:00:00,Plata,17.53,US$/ozt
2639,2019-07-11T00:00:00,Molibdeno,N.D.,¢US/lb
2640,2019-07-11T00:00:00,Inventarios,238550.0,TM
2641,2019-08-11T00:00:00,Cobre,269.956,¢US/lb
2642,2019-08-11T00:00:00,Oro,1466.85,US$/ozt
2643,2019-08-11T00:00:00,Plata,16.81,US$/ozt
2644,2019-08-11T00:00:00,Molibdeno,N.D.,¢US/lb
2645,2019-08-11T00:00:00,Inventarios,235950.0,TM
2646,2019-11-11T00:00:00,Cobre,265.669,¢US/lb
2647,2019-11-11T00:00:00,Oro,1465.5,US$/ozt
2648,2019-11-11T00:00:00,Plata,16.88,US$/ozt
2649,2019-11-11T00:00:00,Molibdeno,N.D.,¢US/lb
2650,2019-11-11T00:00:00,Inventarios,234200.0,TM
2651,2019-12-11T00:00:00,Cobre,264.807,¢US/lb
2652,2019-12-11T00:00:00,Oro,1455.0,US$/ozt
2653,2019-12-11T00:00:00,Plata,16.735,US$/ozt
2654,2019-12-11T00:00:00,Molibdeno,N.D.,¢US/lb
2655,2019-12-11T00:00:00,Inventarios,229350.0,TM
2656,2019-11-13T00:00:00,Cobre,264.127,¢US/lb
2657,2019-11-13T00:00:00,Oro,1463.45,US$/ozt
2658,2019-11-13T00:00:00,Plata,16.95,US$/ozt
2659,2019-11-13T00:00:00,Molibdeno,N.D.,¢US/lb
2660,2019-11-13T00:00:00,Inventarios,224425.0,TM
2661,2019-11-14T00:00:00,Cobre,264.671,¢US/lb
2662,2019-11-14T00:00:00,Oro,1467.65,US$/ozt
2663,2019-11-14T00:00:00,Plata,17.035,US$/ozt
2664,2019-11-14T00:00:00,Molibdeno,N.D.,¢US/lb
2665,2019-11-14T00:00:00,Inventarios,221725.0,TM
2666,2019-11-15T00:00:00,Cobre,263.628,¢US/lb
2667,2019-11-15T00:00:00,Oro,1465.6,US$/ozt
2668,2019-11-15T00:00:00,Plata,16.87,US$/ozt
2669,2019-11-15T00:00:00,Molibdeno,N.D.,¢US/lb
2670,2019-11-15T00:00:00,Inventarios,224775.0,TM
2671,2019-11-18T00:00:00,Cobre,264.354,¢US/lb
2672,2019-11-18T00:00:00,Oro,1458.4,US$/ozt
2673,2019-11-18T00:00:00,Plata,16.795,US$/ozt
2674,2019-11-18T00:00:00,Molibdeno,N.D.,¢US/lb
2675,2019-11-18T00:00:00,Inventarios,221450.0,TM
2676,2019-11-19T00:00:00,Cobre,264.059,¢US/lb
2677,2019-11-19T00:00:00,Oro,1464.9,US$/ozt
2678,2019-11-19T00:00:00,Plata,17.125,US$/ozt
2679,2019-11-19T00:00:00,Molibdeno,N.D.,¢US/lb
2680,2019-11-19T00:00:00,Inventarios,219475.0,TM
2681,2019-11-20T00:00:00,Cobre,266.395,¢US/lb
2682,2019-11-20T00:00:00,Oro,1475.7,US$/ozt
2683,2019-11-20T00:00:00,Plata,17.115,US$/ozt
2684,2019-11-20T00:00:00,Molibdeno,N.D.,¢US/lb
2685,2019-11-20T00:00:00,Inventarios,220950.0,TM
2686,2019-11-21T00:00:00,Cobre,263.673,¢US/lb
2687,2019-11-21T00:00:00,Oro,1468.9,US$/ozt
2688,2019-11-21T00:00:00,Plata,17.09,US$/ozt
2689,2019-11-21T00:00:00,Molibdeno,N.D.,¢US/lb
2690,2019-11-21T00:00:00,Inventarios,222075.0,TM
2691,2019-11-22T00:00:00,Cobre,264.626,¢US/lb
2692,2019-11-22T00:00:00,Oro,1471.3,US$/ozt
2693,2019-11-22T00:00:00,Plata,17.175,US$/ozt
2694,2019-11-22T00:00:00,Molibdeno,N.D.,¢US/lb
2695,2019-11-22T00:00:00,Inventarios,218925.0,TM
2696,2019-11-25T00:00:00,Cobre,266.372,¢US/lb
2697,2019-11-25T00:00:00,Oro,1459.45,US$/ozt
2698,2019-11-25T00:00:00,Plata,16.87,US$/ozt
2699,2019-11-25T00:00:00,Molibdeno,N.D.,¢US/lb
2700,2019-11-25T00:00:00,Inventarios,216100.0,TM
2701,2019-11-26T00:00:00,Cobre,265.624,¢US/lb
2702,2019-11-26T00:00:00,Oro,1457.65,US$/ozt
2703,2019-11-26T00:00:00,Plata,16.935,US$/ozt
2704,2019-11-26T00:00:00,Molibdeno,N.D.,¢US/lb
2705,2019-11-26T00:00:00,Inventarios,214200.0,TM
2706,2019-11-27T00:00:00,Cobre,268.776,¢US/lb
2707,2019-11-27T00:00:00,Oro,1459.8,US$/ozt
2708,2019-11-27T00:00:00,Plata,17.055,US$/ozt
2709,2019-11-27T00:00:00,Molibdeno,N.D.,¢US/lb
2710,2019-11-27T00:00:00,Inventarios,213200.0,TM
2711,2019-11-28T00:00:00,Cobre,266.78,¢US/lb
2712,2019-11-28T00:00:00,Oro,1457.55,US$/ozt
2713,2019-11-28T00:00:00,Plata,16.945,US$/ozt
2714,2019-11-28T00:00:00,Molibdeno,N.D.,¢US/lb
2715,2019-11-28T00:00:00,Inventarios,210200.0,TM
2716,2019-11-29T00:00:00,Cobre,265.533,¢US/lb
2717,2019-11-29T00:00:00,Oro,1457.55,US$/ozt
2718,2019-11-29T00:00:00,Plata,16.945,US$/ozt
2719,2019-11-29T00:00:00,Molibdeno,N.D.,¢US/lb
2720,2019-11-29T00:00:00,Inventarios,208625.0,TM
2721,2019-02-12T00:00:00,Cobre,265.601,¢US/lb
2722,2019-02-12T00:00:00,Oro,1457.5,US$/ozt
2723,2019-02-12T00:00:00,Plata,16.875,US$/ozt
2724,2019-02-12T00:00:00,Molibdeno,N.D.,¢US/lb
2725,2019-02-12T00:00:00,Inventarios,208525.0,TM
2726,2019-03-12T00:00:00,Cobre,263.628,¢US/lb
2727,2019-03-12T00:00:00,Oro,1470.4,US$/ozt
2728,2019-03-12T00:00:00,Plata,17.01,US$/ozt
2729,2019-03-12T00:00:00,Molibdeno,N.D.,¢US/lb
2730,2019-03-12T00:00:00,Inventarios,206250.0,TM
2731,2019-04-12T00:00:00,Cobre,264.127,¢US/lb
2732,2019-04-12T00:00:00,Oro,1475.85,US$/ozt
2733,2019-04-12T00:00:00,Plata,17.13,US$/ozt
2734,2019-04-12T00:00:00,Molibdeno,N.D.,¢US/lb
2735,2019-04-12T00:00:00,Inventarios,202950.0,TM
2736,2019-05-12T00:00:00,Cobre,265.578,¢US/lb
2737,2019-05-12T00:00:00,Oro,1474.6,US$/ozt
2738,2019-05-12T00:00:00,Plata,16.87,US$/ozt
2739,2019-05-12T00:00:00,Molibdeno,N.D.,¢US/lb
2740,2019-05-12T00:00:00,Inventarios,198425.0,TM
2741,2019-06-12T00:00:00,Cobre,266.145,¢US/lb
2742,2019-06-12T00:00:00,Oro,1474.85,US$/ozt
2743,2019-06-12T00:00:00,Plata,16.94,US$/ozt
2744,2019-06-12T00:00:00,Molibdeno,N.D.,¢US/lb
2745,2019-06-12T00:00:00,Inventarios,193800.0,TM
2746,2019-09-12T00:00:00,Cobre,271.475,¢US/lb
2747,2019-09-12T00:00:00,Oro,1463.6,US$/ozt
2748,2019-09-12T00:00:00,Plata,16.62,US$/ozt
2749,2019-09-12T00:00:00,Molibdeno,N.D.,¢US/lb
2750,2019-09-12T00:00:00,Inventarios,190825.0,TM
2751,2019-10-12T00:00:00,Cobre,274.65,¢US/lb
2752,2019-10-12T00:00:00,Oro,1464.45,US$/ozt
2753,2019-10-12T00:00:00,Plata,16.675,US$/ozt
2754,2019-10-12T00:00:00,Molibdeno,N.D.,¢US/lb
2755,2019-10-12T00:00:00,Inventarios,186200.0,TM
2756,2019-11-12T00:00:00,Cobre,275.92,¢US/lb
2757,2019-11-12T00:00:00,Oro,1468.05,US$/ozt
2758,2019-11-12T00:00:00,Plata,16.66,US$/ozt
2759,2019-11-12T00:00:00,Molibdeno,N.D.,¢US/lb
2760,2019-11-12T00:00:00,Inventarios,181700.0,TM
2761,2019-12-12T00:00:00,Cobre,276.555,¢US/lb
2762,2019-12-12T00:00:00,Oro,1474.7,US$/ozt
2763,2019-12-12T00:00:00,Plata,16.865,US$/ozt
2764,2019-12-12T00:00:00,Molibdeno,N.D.,¢US/lb
2765,2019-12-12T00:00:00,Inventarios,175825.0,TM
2766,2019-12-13T00:00:00,Cobre,279.141,¢US/lb
2767,2019-12-13T00:00:00,Oro,1470.6,US$/ozt
2768,2019-12-13T00:00:00,Plata,16.935,US$/ozt
2769,2019-12-13T00:00:00,Molibdeno,N.D.,¢US/lb
2770,2019-12-13T00:00:00,Inventarios,171800.0,TM
2771,2019-12-16T00:00:00,Cobre,279.209,¢US/lb
2772,2019-12-16T00:00:00,Oro,1477.4,US$/ozt
2773,2019-12-16T00:00:00,Plata,17.02,US$/ozt
2774,2019-12-16T00:00:00,Molibdeno,N.D.,¢US/lb
2775,2019-12-16T00:00:00,Inventarios,167475.0,TM
2776,2019-12-17T00:00:00,Cobre,280.093,¢US/lb
2777,2019-12-17T00:00:00,Oro,1478.4,US$/ozt
2778,2019-12-17T00:00:00,Plata,17.06,US$/ozt
2779,2019-12-17T00:00:00,Molibdeno,N.D.,¢US/lb
2780,2019-12-17T00:00:00,Inventarios,162225.0,TM
2781,2019-12-18T00:00:00,Cobre,277.893,¢US/lb
2782,2019-12-18T00:00:00,Oro,1478.9,US$/ozt
2783,2019-12-18T00:00:00,Plata,16.995,US$/ozt
2784,2019-12-18T00:00:00,Molibdeno,N.D.,¢US/lb
2785,2019-12-18T00:00:00,Inventarios,160825.0,TM
2786,2019-12-19T00:00:00,Cobre,279.458,¢US/lb
2787,2019-12-19T00:00:00,Oro,1474.4,US$/ozt
2788,2019-12-19T00:00:00,Plata,16.94,US$/ozt
2789,2019-12-19T00:00:00,Molibdeno,N.D.,¢US/lb
2790,2019-12-19T00:00:00,Inventarios,157500.0,TM
2791,2019-12-20T00:00:00,Cobre,279.209,¢US/lb
2792,2019-12-20T00:00:00,Oro,1476.9,US$/ozt
2793,2019-12-20T00:00:00,Plata,17.035,US$/ozt
2794,2019-12-20T00:00:00,Molibdeno,N.D.,¢US/lb
2795,2019-12-20T00:00:00,Inventarios,154450.0,TM
2796,2019-12-23T00:00:00,Cobre,279.095,¢US/lb
2797,2019-12-23T00:00:00,Oro,1483.95,US$/ozt
2798,2019-12-23T00:00:00,Plata,17.375,US$/ozt
2799,2019-12-23T00:00:00,Molibdeno,N.D.,¢US/lb
2800,2019-12-23T00:00:00,Inventarios,151100.0,TM
2801,2019-12-24T00:00:00,Cobre,280.524,¢US/lb
2802,2019-12-24T00:00:00,Oro,1490.85,US$/ozt
2803,2019-12-24T00:00:00,Plata,17.585,US$/ozt
2804,2019-12-24T00:00:00,Molibdeno,N.D.,¢US/lb
2805,2019-12-24T00:00:00,Inventarios,149075.0,TM
2806,2019-12-26T00:00:00,Cobre,280.524,¢US/lb
2807,2019-12-26T00:00:00,Oro,1490.85,US$/ozt
2808,2019-12-26T00:00:00,Plata,17.585,US$/ozt
2809,2019-12-26T00:00:00,Molibdeno,N.D.,¢US/lb
2810,2019-12-26T00:00:00,Inventarios,149075.0,TM
2811,2019-12-27T00:00:00,Cobre,281.726,¢US/lb
2812,2019-12-27T00:00:00,Oro,1510.6,US$/ozt
2813,2019-12-27T00:00:00,Plata,17.825,US$/ozt
2814,2019-12-27T00:00:00,Molibdeno,N.D.,¢US/lb
2815,2019-12-27T00:00:00,Inventarios,147350.0,TM
2816,2019-12-30T00:00:00,Cobre,280.479,¢US/lb
2817,2019-12-30T00:00:00,Oro,1511.5,US$/ozt
2818,2019-12-30T00:00:00,Plata,17.825,US$/ozt
2819,2019-12-30T00:00:00,Molibdeno,N.D.,¢US/lb
2820,2019-12-30T00:00:00,Inventarios,147125.0,TM
2821,2019-12-31T00:00:00,Cobre,279.232,¢US/lb
2822,2019-12-31T00:00:00,Oro,1523.0,US$/ozt
2823,2019-12-31T00:00:00,Plata,18.045,US$/ozt
2824,2019-12-31T00:00:00,Molibdeno,N.D.,¢US/lb
2825,2019-12-31T00:00:00,Inventarios,145700.0,TM
2826,2020-02-01T00:00:00,Cobre,279.662,¢US/lb
2827,2020-02-01T00:00:00,Oro,1520.55,US$/ozt
2828,2020-02-01T00:00:00,Plata,17.925,US$/ozt
2829,2020-02-01T00:00:00,Molibdeno,N.D.,¢US/lb
2830,2020-02-01T00:00:00,Inventarios,144675.0,TM
2831,2020-03-01T00:00:00,Cobre,275.648,¢US/lb
2832,2020-03-01T00:00:00,Oro,1547.4,US$/ozt
2833,2020-03-01T00:00:00,Plata,18.21,US$/ozt
2834,2020-03-01T00:00:00,Molibdeno,N.D.,¢US/lb
2835,2020-03-01T00:00:00,Inventarios,144525.0,TM
2836,2020-06-01T00:00:00,Cobre,276.578,¢US/lb
2837,2020-06-01T00:00:00,Oro,1576.85,US$/ozt
2838,2020-06-01T00:00:00,Plata,18.44,US$/ozt
2839,2020-06-01T00:00:00,Molibdeno,N.D.,¢US/lb
2840,2020-06-01T00:00:00,Inventarios,142900.0,TM
2841,2020-07-01T00:00:00,Cobre,278.256,¢US/lb
2842,2020-07-01T00:00:00,Oro,1566.5,US$/ozt
2843,2020-07-01T00:00:00,Plata,18.145,US$/ozt
2844,2020-07-01T00:00:00,Molibdeno,N.D.,¢US/lb
2845,2020-07-01T00:00:00,Inventarios,140925.0,TM
2846,2020-08-01T00:00:00,Cobre,279.141,¢US/lb
2847,2020-08-01T00:00:00,Oro,1582.85,US$/ozt
2848,2020-08-01T00:00:00,Plata,18.42,US$/ozt
2849,2020-08-01T00:00:00,Molibdeno,N.D.,¢US/lb
2850,2020-08-01T00:00:00,Inventarios,138400.0,TM
2851,2020-09-01T00:00:00,Cobre,279.232,¢US/lb
2852,2020-09-01T00:00:00,Oro,1547.85,US$/ozt
2853,2020-09-01T00:00:00,Plata,17.91,US$/ozt
2854,2020-09-01T00:00:00,Molibdeno,N.D.,¢US/lb
2855,2020-09-01T00:00:00,Inventarios,135800.0,TM
2856,2020-10-01T00:00:00,Cobre,279.277,¢US/lb
2857,2020-10-01T00:00:00,Oro,1548.8,US$/ozt
2858,2020-10-01T00:00:00,Plata,17.915,US$/ozt
2859,2020-10-01T00:00:00,Molibdeno,N.D.,¢US/lb
2860,2020-10-01T00:00:00,Inventarios,132725.0,TM
2861,2020-01-13T00:00:00,Cobre,280.184,¢US/lb
2862,2020-01-13T00:00:00,Oro,1550.35,US$/ozt
2863,2020-01-13T00:00:00,Plata,17.985,US$/ozt
2864,2020-01-13T00:00:00,Molibdeno,N.D.,¢US/lb
2865,2020-01-13T00:00:00,Inventarios,130000.0,TM
2866,2020-01-14T00:00:00,Cobre,283.359,¢US/lb
2867,2020-01-14T00:00:00,Oro,1544.95,US$/ozt
2868,2020-01-14T00:00:00,Plata,17.77,US$/ozt
2869,2020-01-14T00:00:00,Molibdeno,N.D.,¢US/lb
2870,2020-01-14T00:00:00,Inventarios,128100.0,TM
2871,2020-01-15T00:00:00,Cobre,282.679,¢US/lb
2872,2020-01-15T00:00:00,Oro,1551.9,US$/ozt
2873,2020-01-15T00:00:00,Plata,17.85,US$/ozt
2874,2020-01-15T00:00:00,Molibdeno,N.D.,¢US/lb
2875,2020-01-15T00:00:00,Inventarios,128050.0,TM
2876,2020-01-16T00:00:00,Cobre,285.786,¢US/lb
2877,2020-01-16T00:00:00,Oro,1555.2,US$/ozt
2878,2020-01-16T00:00:00,Plata,18.01,US$/ozt
2879,2020-01-16T00:00:00,Molibdeno,N.D.,¢US/lb
2880,2020-01-16T00:00:00,Inventarios,126775.0,TM
2881,2020-01-17T00:00:00,Cobre,284.687,¢US/lb
2882,2020-01-17T00:00:00,Oro,1556.5,US$/ozt
2883,2020-01-17T00:00:00,Plata,18.06,US$/ozt
2884,2020-01-17T00:00:00,Molibdeno,N.D.,¢US/lb
2885,2020-01-17T00:00:00,Inventarios,125250.0,TM
2886,2020-01-20T00:00:00,Cobre,283.269,¢US/lb
2887,2020-01-20T00:00:00,Oro,1559.25,US$/ozt
2888,2020-01-20T00:00:00,Plata,18.055,US$/ozt
2889,2020-01-20T00:00:00,Molibdeno,N.D.,¢US/lb
2890,2020-01-20T00:00:00,Inventarios,124225.0,TM
2891,2020-01-21T00:00:00,Cobre,279.345,¢US/lb
2892,2020-01-21T00:00:00,Oro,1556.25,US$/ozt
2893,2020-01-21T00:00:00,Plata,17.985,US$/ozt
2894,2020-01-21T00:00:00,Molibdeno,N.D.,¢US/lb
2895,2020-01-21T00:00:00,Inventarios,162925.0,TM
2896,2020-01-22T00:00:00,Cobre,276.85,¢US/lb
2897,2020-01-22T00:00:00,Oro,1558.1,US$/ozt
2898,2020-01-22T00:00:00,Plata,17.77,US$/ozt
2899,2020-01-22T00:00:00,Molibdeno,N.D.,¢US/lb
2900,2020-01-22T00:00:00,Inventarios,195375.0,TM
2901,2020-01-23T00:00:00,Cobre,274.423,¢US/lb
2902,2020-01-23T00:00:00,Oro,1554.05,US$/ozt
2903,2020-01-23T00:00:00,Plata,17.6,US$/ozt
2904,2020-01-23T00:00:00,Molibdeno,N.D.,¢US/lb
2905,2020-01-23T00:00:00,Inventarios,190350.0,TM
2906,2020-01-24T00:00:00,Cobre,270.704,¢US/lb
2907,2020-01-24T00:00:00,Oro,1561.85,US$/ozt
2908,2020-01-24T00:00:00,Plata,17.83,US$/ozt
2909,2020-01-24T00:00:00,Molibdeno,N.D.,¢US/lb
2910,2020-01-24T00:00:00,Inventarios,190075.0,TM
2911,2020-01-27T00:00:00,Cobre,262.131,¢US/lb
2912,2020-01-27T00:00:00,Oro,1583.45,US$/ozt
2913,2020-01-27T00:00:00,Plata,18.295,US$/ozt
2914,2020-01-27T00:00:00,Molibdeno,N.D.,¢US/lb
2915,2020-01-27T00:00:00,Inventarios,187250.0,TM
2916,2020-01-28T00:00:00,Cobre,259.228,¢US/lb
2917,2020-01-28T00:00:00,Oro,1579.6,US$/ozt
2918,2020-01-28T00:00:00,Plata,17.975,US$/ozt
2919,2020-01-28T00:00:00,Molibdeno,N.D.,¢US/lb
2920,2020-01-28T00:00:00,Inventarios,185300.0,TM
2921,2020-01-29T00:00:00,Cobre,258.457,¢US/lb
2922,2020-01-29T00:00:00,Oro,1571.2,US$/ozt
2923,2020-01-29T00:00:00,Plata,17.47,US$/ozt
2924,2020-01-29T00:00:00,Molibdeno,N.D.,¢US/lb
2925,2020-01-29T00:00:00,Inventarios,183825.0,TM
2926,2020-01-30T00:00:00,Cobre,254.964,¢US/lb
2927,2020-01-30T00:00:00,Oro,1580.4,US$/ozt
2928,2020-01-30T00:00:00,Plata,17.725,US$/ozt
2929,2020-01-30T00:00:00,Molibdeno,N.D.,¢US/lb
2930,2020-01-30T00:00:00,Inventarios,182550.0,TM
2931,2020-01-31T00:00:00,Cobre,252.651,¢US/lb
2932,2020-01-31T00:00:00,Oro,1580.85,US$/ozt
2933,2020-01-31T00:00:00,Plata,17.885,US$/ozt
2934,2020-01-31T00:00:00,Molibdeno,N.D.,¢US/lb
2935,2020-01-31T00:00:00,Inventarios,180725.0,TM
2936,2020-03-01T00:00:00,Cobre,253.785,¢US/lb
2937,2020-03-01T00:00:00,Oro,1578.85,US$/ozt
2938,2020-03-01T00:00:00,Plata,17.77,US$/ozt
2939,2020-03-01T00:00:00,Molibdeno,N.D.,¢US/lb
2940,2020-03-01T00:00:00,Inventarios,179800.0,TM
2941,2020-04-01T00:00:00,Cobre,256.37,¢US/lb
2942,2020-04-01T00:00:00,Oro,1571.2,US$/ozt
2943,2020-04-01T00:00:00,Plata,17.73,US$/ozt
2944,2020-04-01T00:00:00,Molibdeno,N.D.,¢US/lb
2945,2020-04-01T00:00:00,Inventarios,178800.0,TM
2946,2020-05-01T00:00:00,Cobre,259.183,¢US/lb
2947,2020-05-01T00:00:00,Oro,1552.2,US$/ozt
2948,2020-05-01T00:00:00,Plata,17.62,US$/ozt
2949,2020-05-01T00:00:00,Molibdeno,N.D.,¢US/lb
2950,2020-05-01T00:00:00,Inventarios,176575.0,TM
2951,2020-06-01T00:00:00,Cobre,259.727,¢US/lb
2952,2020-06-01T00:00:00,Oro,1564.75,US$/ozt
2953,2020-06-01T00:00:00,Plata,17.765,US$/ozt
2954,2020-06-01T00:00:00,Molibdeno,N.D.,¢US/lb
2955,2020-06-01T00:00:00,Inventarios,174800.0,TM
2956,2020-07-01T00:00:00,Cobre,256.416,¢US/lb
2957,2020-07-01T00:00:00,Oro,1568.3,US$/ozt
2958,2020-07-01T00:00:00,Plata,17.77,US$/ozt
2959,2020-07-01T00:00:00,Molibdeno,N.D.,¢US/lb
2960,2020-07-01T00:00:00,Inventarios,171525.0,TM
2961,2020-10-01T00:00:00,Cobre,256.711,¢US/lb
2962,2020-10-01T00:00:00,Oro,1574.05,US$/ozt
2963,2020-10-01T00:00:00,Plata,17.785,US$/ozt
2964,2020-10-01T00:00:00,Molibdeno,N.D.,¢US/lb
2965,2020-10-01T00:00:00,Inventarios,171750.0,TM
2966,2020-11-01T00:00:00,Cobre,258.366,¢US/lb
2967,2020-11-01T00:00:00,Oro,1567.7,US$/ozt
2968,2020-11-01T00:00:00,Plata,17.105,US$/ozt
2969,2020-11-01T00:00:00,Molibdeno,N.D.,¢US/lb
2970,2020-11-01T00:00:00,Inventarios,170000.0,TM
2971,2020-12-01T00:00:00,Cobre,260.68,¢US/lb
2972,2020-12-01T00:00:00,Oro,1566.75,US$/ozt
2973,2020-12-01T00:00:00,Plata,17.56,US$/ozt
2974,2020-12-01T00:00:00,Molibdeno,N.D.,¢US/lb
2975,2020-12-01T00:00:00,Inventarios,167075.0,TM
2976,2020-01-13T00:00:00,Cobre,259.273,¢US/lb
2977,2020-01-13T00:00:00,Oro,1575.0,US$/ozt
2978,2020-01-13T00:00:00,Plata,17.64,US$/ozt
2979,2020-01-13T00:00:00,Molibdeno,N.D.,¢US/lb
2980,2020-01-13T00:00:00,Inventarios,164550.0,TM
2981,2020-02-14T00:00:00,Cobre,260.226,¢US/lb
2982,2020-02-14T00:00:00,Oro,1576.35,US$/ozt
2983,2020-02-14T00:00:00,Plata,17.705,US$/ozt
2984,2020-02-14T00:00:00,Molibdeno,N.D.,¢US/lb
2985,2020-02-14T00:00:00,Inventarios,162375.0,TM
2986,2020-02-17T00:00:00,Cobre,263.174,¢US/lb
2987,2020-02-17T00:00:00,Oro,1580.3,US$/ozt
2988,2020-02-17T00:00:00,Plata,17.8,US$/ozt
2989,2020-02-17T00:00:00,Molibdeno,N.D.,¢US/lb
2990,2020-02-17T00:00:00,Inventarios,161400.0,TM
2991,2020-02-18T00:00:00,Cobre,259.818,¢US/lb
2992,2020-02-18T00:00:00,Oro,1588.2,US$/ozt
2993,2020-02-18T00:00:00,Plata,17.885,US$/ozt
2994,2020-02-18T00:00:00,Molibdeno,N.D.,¢US/lb
2995,2020-02-18T00:00:00,Inventarios,166475.0,TM
2996,2020-02-19T00:00:00,Cobre,260.612,¢US/lb
2997,2020-02-19T00:00:00,Oro,1609.5,US$/ozt
2998,2020-02-19T00:00:00,Plata,18.345,US$/ozt
2999,2020-02-19T00:00:00,Molibdeno,N.D.,¢US/lb
3000,2020-02-19T00:00:00,Inventarios,166475.0,TM
3001,2020-02-20T00:00:00,Cobre,259.909,¢US/lb
3002,2020-02-20T00:00:00,Oro,1610.35,US$/ozt
3003,2020-02-20T00:00:00,Plata,18.385,US$/ozt
3004,2020-02-20T00:00:00,Molibdeno,N.D.,¢US/lb
3005,2020-02-20T00:00:00,Inventarios,166425.0,TM
3006,2020-02-21T00:00:00,Cobre,258.638,¢US/lb
3007,2020-02-21T00:00:00,Oro,1633.7,US$/ozt
3008,2020-02-21T00:00:00,Plata,18.56,US$/ozt
3009,2020-02-21T00:00:00,Molibdeno,N.D.,¢US/lb
3010,2020-02-21T00:00:00,Inventarios,164850.0,TM
3011,2020-02-24T00:00:00,Cobre,256.62,¢US/lb
3012,2020-02-24T00:00:00,Oro,1682.35,US$/ozt
3013,2020-02-24T00:00:00,Plata,18.775,US$/ozt
3014,2020-02-24T00:00:00,Molibdeno,N.D.,¢US/lb
3015,2020-02-24T00:00:00,Inventarios,161575.0,TM
3016,2020-02-25T00:00:00,Cobre,256.892,¢US/lb
3017,2020-02-25T00:00:00,Oro,1655.9,US$/ozt
3018,2020-02-25T00:00:00,Plata,18.33,US$/ozt
3019,2020-02-25T00:00:00,Molibdeno,N.D.,¢US/lb
3020,2020-02-25T00:00:00,Inventarios,160250.0,TM
3021,2020-02-26T00:00:00,Cobre,254.647,¢US/lb
3022,2020-02-26T00:00:00,Oro,1647.95,US$/ozt
3023,2020-02-26T00:00:00,Plata,18.075,US$/ozt
3024,2020-02-26T00:00:00,Molibdeno,N.D.,¢US/lb
3025,2020-02-26T00:00:00,Inventarios,221425.0,TM
3026,2020-02-27T00:00:00,Cobre,254.828,¢US/lb
3027,2020-02-27T00:00:00,Oro,1646.6,US$/ozt
3028,2020-02-27T00:00:00,Plata,18.05,US$/ozt
3029,2020-02-27T00:00:00,Molibdeno,N.D.,¢US/lb
3030,2020-02-27T00:00:00,Inventarios,219875.0,TM
3031,2020-02-28T00:00:00,Cobre,252.787,¢US/lb
3032,2020-02-28T00:00:00,Oro,1626.35,US$/ozt
3033,2020-02-28T00:00:00,Plata,17.185,US$/ozt
3034,2020-02-28T00:00:00,Molibdeno,N.D.,¢US/lb
3035,2020-02-28T00:00:00,Inventarios,218175.0,TM
3036,2020-02-03T00:00:00,Cobre,255.826,¢US/lb
3037,2020-02-03T00:00:00,Oro,1609.7,US$/ozt
3038,2020-02-03T00:00:00,Plata,16.915,US$/ozt
3039,2020-02-03T00:00:00,Molibdeno,N.D.,¢US/lb
3040,2020-02-03T00:00:00,Inventarios,216950.0,TM
3041,2020-03-03T00:00:00,Cobre,257.096,¢US/lb
3042,2020-03-03T00:00:00,Oro,1599.05,US$/ozt
3043,2020-03-03T00:00:00,Plata,16.81,US$/ozt
3044,2020-03-03T00:00:00,Molibdeno,N.D.,¢US/lb
3045,2020-03-03T00:00:00,Inventarios,211225.0,TM
3046,2020-04-03T00:00:00,Cobre,258.298,¢US/lb
3047,2020-04-03T00:00:00,Oro,1644.8,US$/ozt
3048,2020-04-03T00:00:00,Plata,17.25,US$/ozt
3049,2020-04-03T00:00:00,Molibdeno,N.D.,¢US/lb
3050,2020-04-03T00:00:00,Inventarios,206575.0,TM
3051,2020-05-03T00:00:00,Cobre,257.074,¢US/lb
3052,2020-05-03T00:00:00,Oro,1647.45,US$/ozt
3053,2020-05-03T00:00:00,Plata,17.2,US$/ozt
3054,2020-05-03T00:00:00,Molibdeno,N.D.,¢US/lb
3055,2020-05-03T00:00:00,Inventarios,203275.0,TM
3056,2020-06-03T00:00:00,Cobre,255.1,¢US/lb
3057,2020-06-03T00:00:00,Oro,1687.0,US$/ozt
3058,2020-06-03T00:00:00,Plata,17.48,US$/ozt
3059,2020-06-03T00:00:00,Molibdeno,N.D.,¢US/lb
3060,2020-06-03T00:00:00,Inventarios,200275.0,TM
3061,2020-09-03T00:00:00,Cobre,248.705,¢US/lb
3062,2020-09-03T00:00:00,Oro,1676.6,US$/ozt
3063,2020-09-03T00:00:00,Plata,16.885,US$/ozt
3064,2020-09-03T00:00:00,Molibdeno,N.D.,¢US/lb
3065,2020-09-03T00:00:00,Inventarios,195125.0,TM
3066,2020-10-03T00:00:00,Cobre,253.921,¢US/lb
3067,2020-10-03T00:00:00,Oro,1657.4,US$/ozt
3068,2020-10-03T00:00:00,Plata,17.07,US$/ozt
3069,2020-10-03T00:00:00,Molibdeno,N.D.,¢US/lb
3070,2020-10-03T00:00:00,Inventarios,190425.0,TM
3071,2020-11-03T00:00:00,Cobre,251.835,¢US/lb
3072,2020-11-03T00:00:00,Oro,1662.5,US$/ozt
3073,2020-11-03T00:00:00,Plata,17.02,US$/ozt
3074,2020-11-03T00:00:00,Molibdeno,N.D.,¢US/lb
3075,2020-11-03T00:00:00,Inventarios,189725.0,TM
3076,2020-12-03T00:00:00,Cobre,244.328,¢US/lb
3077,2020-12-03T00:00:00,Oro,1636.65,US$/ozt
3078,2020-12-03T00:00:00,Plata,16.525,US$/ozt
3079,2020-12-03T00:00:00,Molibdeno,N.D.,¢US/lb
3080,2020-12-03T00:00:00,Inventarios,187450.0,TM
3081,2020-03-13T00:00:00,Cobre,250.859,¢US/lb
3082,2020-03-13T00:00:00,Oro,1588.15,US$/ozt
3083,2020-03-13T00:00:00,Plata,15.77,US$/ozt
3084,2020-03-13T00:00:00,Molibdeno,N.D.,¢US/lb
3085,2020-03-13T00:00:00,Inventarios,183700.0,TM
3086,2020-03-16T00:00:00,Cobre,236.367,¢US/lb
3087,2020-03-16T00:00:00,Oro,1504.65,US$/ozt
3088,2020-03-16T00:00:00,Plata,12.965,US$/ozt
3089,2020-03-16T00:00:00,Molibdeno,N.D.,¢US/lb
3090,2020-03-16T00:00:00,Inventarios,179725.0,TM
3091,2020-03-17T00:00:00,Cobre,236.095,¢US/lb
3092,2020-03-17T00:00:00,Oro,1472.35,US$/ozt
3093,2020-03-17T00:00:00,Plata,12.44,US$/ozt
3094,2020-03-17T00:00:00,Molibdeno,N.D.,¢US/lb
3095,2020-03-17T00:00:00,Inventarios,220325.0,TM
3096,2020-03-18T00:00:00,Cobre,220.469,¢US/lb
3097,2020-03-18T00:00:00,Oro,1506.0,US$/ozt
3098,2020-03-18T00:00:00,Plata,12.42,US$/ozt
3099,2020-03-18T00:00:00,Molibdeno,N.D.,¢US/lb
3100,2020-03-18T00:00:00,Inventarios,233150.0,TM
3101,2020-03-19T00:00:00,Cobre,212.508,¢US/lb
3102,2020-03-19T00:00:00,Oro,1480.7,US$/ozt
3103,2020-03-19T00:00:00,Plata,12.005,US$/ozt
3104,2020-03-19T00:00:00,Molibdeno,N.D.,¢US/lb
3105,2020-03-19T00:00:00,Inventarios,231025.0,TM
3106,2020-03-20T00:00:00,Cobre,220.219,¢US/lb
3107,2020-03-20T00:00:00,Oro,1504.45,US$/ozt
3108,2020-03-20T00:00:00,Plata,12.63,US$/ozt
3109,2020-03-20T00:00:00,Molibdeno,N.D.,¢US/lb
3110,2020-03-20T00:00:00,Inventarios,227875.0,TM
3111,2020-03-23T00:00:00,Cobre,209.446,¢US/lb
3112,2020-03-23T00:00:00,Oro,1494.5,US$/ozt
3113,2020-03-23T00:00:00,Plata,12.51,US$/ozt
3114,2020-03-23T00:00:00,Molibdeno,N.D.,¢US/lb
3115,2020-03-23T00:00:00,Inventarios,227325.0,TM
3116,2020-03-24T00:00:00,Cobre,217.248,¢US/lb
3117,2020-03-24T00:00:00,Oro,1599.5,US$/ozt
3118,2020-03-24T00:00:00,Plata,13.625,US$/ozt
3119,2020-03-24T00:00:00,Molibdeno,N.D.,¢US/lb
3120,2020-03-24T00:00:00,Inventarios,226200.0,TM
3121,2020-03-25T00:00:00,Cobre,215.638,¢US/lb
3122,2020-03-25T00:00:00,Oro,1620.95,US$/ozt
3123,2020-03-25T00:00:00,Plata,13.965,US$/ozt
3124,2020-03-25T00:00:00,Molibdeno,N.D.,¢US/lb
3125,2020-03-25T00:00:00,Inventarios,225175.0,TM
3126,2020-03-26T00:00:00,Cobre,216.613,¢US/lb
3127,2020-03-26T00:00:00,Oro,1620.1,US$/ozt
3128,2020-03-26T00:00:00,Plata,14.415,US$/ozt
3129,2020-03-26T00:00:00,Molibdeno,N.D.,¢US/lb
3130,2020-03-26T00:00:00,Inventarios,224375.0,TM
3131,2020-03-27T00:00:00,Cobre,216.545,¢US/lb
3132,2020-03-27T00:00:00,Oro,1621.2,US$/ozt
3133,2020-03-27T00:00:00,Plata,14.315,US$/ozt
3134,2020-03-27T00:00:00,Molibdeno,N.D.,¢US/lb
3135,2020-03-27T00:00:00,Inventarios,223725.0,TM
3136,2020-03-30T00:00:00,Cobre,216.046,¢US/lb
3137,2020-03-30T00:00:00,Oro,1624.45,US$/ozt
3138,2020-03-30T00:00:00,Plata,14.055,US$/ozt
3139,2020-03-30T00:00:00,Molibdeno,N.D.,¢US/lb
3140,2020-03-30T00:00:00,Inventarios,222900.0,TM
3141,2020-03-31T00:00:00,Cobre,217.588,¢US/lb
3142,2020-03-31T00:00:00,Oro,1604.65,US$/ozt
3143,2020-03-31T00:00:00,Plata,13.93,US$/ozt
3144,2020-03-31T00:00:00,Molibdeno,N.D.,¢US/lb
3145,2020-03-31T00:00:00,Inventarios,222225.0,TM
3146,2020-01-04T00:00:00,Cobre,216.454,¢US/lb
3147,2020-01-04T00:00:00,Oro,1594.25,US$/ozt
3148,2020-01-04T00:00:00,Plata,14.015,US$/ozt
3149,2020-01-04T00:00:00,Molibdeno,N.D.,¢US/lb
3150,2020-01-04T00:00:00,Inventarios,221200.0,TM
3151,2020-02-04T00:00:00,Cobre,218.7,¢US/lb
3152,2020-02-04T00:00:00,Oro,1588.05,US$/ozt
3153,2020-02-04T00:00:00,Plata,14.175,US$/ozt
3154,2020-02-04T00:00:00,Molibdeno,N.D.,¢US/lb
3155,2020-02-04T00:00:00,Inventarios,219925.0,TM
3156,2020-03-04T00:00:00,Cobre,220.605,¢US/lb
3157,2020-03-04T00:00:00,Oro,1609.75,US$/ozt
3158,2020-03-04T00:00:00,Plata,14.39,US$/ozt
3159,2020-03-04T00:00:00,Molibdeno,N.D.,¢US/lb
3160,2020-03-04T00:00:00,Inventarios,218525.0,TM
3161,2020-06-04T00:00:00,Cobre,220.763,¢US/lb
3162,2020-06-04T00:00:00,Oro,1636.6,US$/ozt
3163,2020-06-04T00:00:00,Plata,14.555,US$/ozt
3164,2020-06-04T00:00:00,Molibdeno,N.D.,¢US/lb
3165,2020-06-04T00:00:00,Inventarios,217475.0,TM
3166,2020-07-04T00:00:00,Cobre,229.858,¢US/lb
3167,2020-07-04T00:00:00,Oro,1652.2,US$/ozt
3168,2020-07-04T00:00:00,Plata,15.075,US$/ozt
3169,2020-07-04T00:00:00,Molibdeno,N.D.,¢US/lb
3170,2020-07-04T00:00:00,Inventarios,216500.0,TM
3171,2020-08-04T00:00:00,Cobre,225.708,¢US/lb
3172,2020-08-04T00:00:00,Oro,1649.05,US$/ozt
3173,2020-08-04T00:00:00,Plata,15.065,US$/ozt
3174,2020-08-04T00:00:00,Molibdeno,N.D.,¢US/lb
3175,2020-08-04T00:00:00,Inventarios,259850.0,TM
3176,2020-09-04T00:00:00,Cobre,225.141,¢US/lb
3177,2020-09-04T00:00:00,Oro,1662.5,US$/ozt
3178,2020-09-04T00:00:00,Plata,15.175,US$/ozt
3179,2020-09-04T00:00:00,Molibdeno,N.D.,¢US/lb
3180,2020-09-04T00:00:00,Inventarios,260275.0,TM
3181,2020-10-04T00:00:00,Cobre,225.141,¢US/lb
3182,2020-10-04T00:00:00,Oro,1662.5,US$/ozt
3183,2020-10-04T00:00:00,Plata,15.175,US$/ozt
3184,2020-10-04T00:00:00,Molibdeno,N.D.,¢US/lb
3185,2020-10-04T00:00:00,Inventarios,260275.0,TM
3186,2020-04-14T00:00:00,Cobre,232.194,¢US/lb
3187,2020-04-14T00:00:00,Oro,1715.85,US$/ozt
3188,2020-04-14T00:00:00,Plata,15.51,US$/ozt
3189,2020-04-14T00:00:00,Molibdeno,N.D.,¢US/lb
3190,2020-04-14T00:00:00,Inventarios,259775.0,TM
3191,2020-04-15T00:00:00,Cobre,229.268,¢US/lb
3192,2020-04-15T00:00:00,Oro,1721.25,US$/ozt
3193,2020-04-15T00:00:00,Plata,15.57,US$/ozt
3194,2020-04-15T00:00:00,Molibdeno,N.D.,¢US/lb
3195,2020-04-15T00:00:00,Inventarios,261225.0,TM
3196,2020-04-16T00:00:00,Cobre,231.264,¢US/lb
3197,2020-04-16T00:00:00,Oro,1717.85,US$/ozt
3198,2020-04-16T00:00:00,Plata,15.5,US$/ozt
3199,2020-04-16T00:00:00,Molibdeno,N.D.,¢US/lb
3200,2020-04-16T00:00:00,Inventarios,260825.0,TM
3201,2020-04-17T00:00:00,Cobre,234.757,¢US/lb
3202,2020-04-17T00:00:00,Oro,1693.15,US$/ozt
3203,2020-04-17T00:00:00,Plata,15.16,US$/ozt
3204,2020-04-17T00:00:00,Molibdeno,N.D.,¢US/lb
3205,2020-04-17T00:00:00,Inventarios,265425.0,TM
3206,2020-04-20T00:00:00,Cobre,234.485,¢US/lb
3207,2020-04-20T00:00:00,Oro,1684.95,US$/ozt
3208,2020-04-20T00:00:00,Plata,15.15,US$/ozt
3209,2020-04-20T00:00:00,Molibdeno,N.D.,¢US/lb
3210,2020-04-20T00:00:00,Inventarios,263750.0,TM
3211,2020-04-21T00:00:00,Cobre,226.547,¢US/lb
3212,2020-04-21T00:00:00,Oro,1678.6,US$/ozt
3213,2020-04-21T00:00:00,Plata,14.97,US$/ozt
3214,2020-04-21T00:00:00,Molibdeno,N.D.,¢US/lb
3215,2020-04-21T00:00:00,Inventarios,264725.0,TM
3216,2020-04-22T00:00:00,Cobre,228.338,¢US/lb
3217,2020-04-22T00:00:00,Oro,1702.65,US$/ozt
3218,2020-04-22T00:00:00,Plata,14.91,US$/ozt
3219,2020-04-22T00:00:00,Molibdeno,N.D.,¢US/lb
3220,2020-04-22T00:00:00,Inventarios,264525.0,TM
3221,2020-04-23T00:00:00,Cobre,232.262,¢US/lb
3222,2020-04-23T00:00:00,Oro,1727.55,US$/ozt
3223,2020-04-23T00:00:00,Plata,15.305,US$/ozt
3224,2020-04-23T00:00:00,Molibdeno,N.D.,¢US/lb
3225,2020-04-23T00:00:00,Inventarios,263425.0,TM
3226,2020-04-24T00:00:00,Cobre,232.149,¢US/lb
3227,2020-04-24T00:00:00,Oro,1727.25,US$/ozt
3228,2020-04-24T00:00:00,Plata,15.315,US$/ozt
3229,2020-04-24T00:00:00,Molibdeno,N.D.,¢US/lb
3230,2020-04-24T00:00:00,Inventarios,262600.0,TM
3231,2020-04-27T00:00:00,Cobre,234.303,¢US/lb
3232,2020-04-27T00:00:00,Oro,1717.25,US$/ozt
3233,2020-04-27T00:00:00,Plata,15.205,US$/ozt
3234,2020-04-27T00:00:00,Molibdeno,N.D.,¢US/lb
3235,2020-04-27T00:00:00,Inventarios,258475.0,TM
3236,2020-04-28T00:00:00,Cobre,234.485,¢US/lb
3237,2020-04-28T00:00:00,Oro,1708.1,US$/ozt
3238,2020-04-28T00:00:00,Plata,15.145,US$/ozt
3239,2020-04-28T00:00:00,Molibdeno,N.D.,¢US/lb
3240,2020-04-28T00:00:00,Inventarios,256150.0,TM
3241,2020-04-29T00:00:00,Cobre,235.142,¢US/lb
3242,2020-04-29T00:00:00,Oro,1605.51,US$/ozt
3243,2020-04-29T00:00:00,Plata,16.4726,US$/ozt
3244,2020-04-29T00:00:00,Molibdeno,N.D.,¢US/lb
3245,2020-04-29T00:00:00,Inventarios,256100.0,TM
3246,2020-04-30T00:00:00,Cobre,237.275,¢US/lb
3247,2020-04-30T00:00:00,Oro,1716.75,US$/ozt
3248,2020-04-30T00:00:00,Plata,15.335,US$/ozt
3249,2020-04-30T00:00:00,Molibdeno,N.D.,¢US/lb
3250,2020-04-30T00:00:00,Inventarios,253700.0,TM
3251,2020-01-05T00:00:00,Cobre,229.563,¢US/lb
3252,2020-01-05T00:00:00,Oro,1673.05,US$/ozt
3253,2020-01-05T00:00:00,Plata,14.845,US$/ozt
3254,2020-01-05T00:00:00,Molibdeno,N.D.,¢US/lb
3255,2020-01-05T00:00:00,Inventarios,251475.0,TM
3256,2020-04-05T00:00:00,Cobre,229.427,¢US/lb
3257,2020-04-05T00:00:00,Oro,1703.7,US$/ozt
3258,2020-04-05T00:00:00,Plata,14.93,US$/ozt
3259,2020-04-05T00:00:00,Molibdeno,N.D.,¢US/lb
3260,2020-04-05T00:00:00,Inventarios,251425.0,TM
3261,2020-05-05T00:00:00,Cobre,231.854,¢US/lb
3262,2020-05-05T00:00:00,Oro,1696.3,US$/ozt
3263,2020-05-05T00:00:00,Plata,14.75,US$/ozt
3264,2020-05-05T00:00:00,Molibdeno,N.D.,¢US/lb
3265,2020-05-05T00:00:00,Inventarios,245350.0,TM
3266,2020-06-05T00:00:00,Cobre,235.845,¢US/lb
3267,2020-06-05T00:00:00,Oro,1698.9,US$/ozt
3268,2020-06-05T00:00:00,Plata,15.075,US$/ozt
3269,2020-06-05T00:00:00,Molibdeno,N.D.,¢US/lb
3270,2020-06-05T00:00:00,Inventarios,245100.0,TM
3271,2020-07-05T00:00:00,Cobre,237.115,¢US/lb
3272,2020-07-05T00:00:00,Oro,1688.65,US$/ozt
3273,2020-07-05T00:00:00,Plata,14.98,US$/ozt
3274,2020-07-05T00:00:00,Molibdeno,N.D.,¢US/lb
3275,2020-07-05T00:00:00,Inventarios,243700.0,TM
3276,2020-08-05T00:00:00,Cobre,237.115,¢US/lb
3277,2020-08-05T00:00:00,Oro,1688.65,US$/ozt
3278,2020-08-05T00:00:00,Plata,14.98,US$/ozt
3279,2020-08-05T00:00:00,Molibdeno,N.D.,¢US/lb
3280,2020-08-05T00:00:00,Inventarios,243700.0,TM
3281,2020-11-05T00:00:00,Cobre,237.275,¢US/lb
3282,2020-11-05T00:00:00,Oro,1698.8,US$/ozt
3283,2020-11-05T00:00:00,Plata,15.445,US$/ozt
3284,2020-11-05T00:00:00,Molibdeno,N.D.,¢US/lb
3285,2020-11-05T00:00:00,Inventarios,241675.0,TM
3286,2020-12-05T00:00:00,Cobre,237.41,¢US/lb
3287,2020-12-05T00:00:00,Oro,1703.45,US$/ozt
3288,2020-12-05T00:00:00,Plata,15.485,US$/ozt
3289,2020-12-05T00:00:00,Molibdeno,N.D.,¢US/lb
3290,2020-12-05T00:00:00,Inventarios,229750.0,TM
3291,2020-05-13T00:00:00,Cobre,237.41,¢US/lb
3292,2020-05-13T00:00:00,Oro,1703.45,US$/ozt
3293,2020-05-13T00:00:00,Plata,15.485,US$/ozt
3294,2020-05-13T00:00:00,Molibdeno,N.D.,¢US/lb
3295,2020-05-13T00:00:00,Inventarios,229750.0,TM
3296,2020-05-14T00:00:00,Cobre,233.85,¢US/lb
3297,2020-05-14T00:00:00,Oro,1716.4,US$/ozt
3298,2020-05-14T00:00:00,Plata,15.53,US$/ozt
3299,2020-05-14T00:00:00,Molibdeno,N.D.,¢US/lb
3300,2020-05-14T00:00:00,Inventarios,282675.0,TM
3301,2020-05-15T00:00:00,Cobre,234.281,¢US/lb
3302,2020-05-15T00:00:00,Oro,1734.85,US$/ozt
3303,2020-05-15T00:00:00,Plata,16.25,US$/ozt
3304,2020-05-15T00:00:00,Molibdeno,N.D.,¢US/lb
3305,2020-05-15T00:00:00,Inventarios,278750.0,TM
3306,2020-05-18T00:00:00,Cobre,238.113,¢US/lb
3307,2020-05-18T00:00:00,Oro,1756.9,US$/ozt
3308,2020-05-18T00:00:00,Plata,17.35,US$/ozt
3309,2020-05-18T00:00:00,Molibdeno,N.D.,¢US/lb
3310,2020-05-18T00:00:00,Inventarios,276375.0,TM
3311,2020-05-19T00:00:00,Cobre,241.039,¢US/lb
3312,2020-05-19T00:00:00,Oro,1735.25,US$/ozt
3313,2020-05-19T00:00:00,Plata,17.12,US$/ozt
3314,2020-05-19T00:00:00,Molibdeno,N.D.,¢US/lb
3315,2020-05-19T00:00:00,Inventarios,274225.0,TM
3316,2020-05-20T00:00:00,Cobre,241.901,¢US/lb
3317,2020-05-20T00:00:00,Oro,1750.05,US$/ozt
3318,2020-05-20T00:00:00,Plata,17.47,US$/ozt
3319,2020-05-20T00:00:00,Molibdeno,N.D.,¢US/lb
3320,2020-05-20T00:00:00,Inventarios,273175.0,TM
3321,2020-05-21T00:00:00,Cobre,244.35,¢US/lb
3322,2020-05-21T00:00:00,Oro,1732.8,US$/ozt
3323,2020-05-21T00:00:00,Plata,17.205,US$/ozt
3324,2020-05-21T00:00:00,Molibdeno,N.D.,¢US/lb
3325,2020-05-21T00:00:00,Inventarios,272325.0,TM
3326,2020-05-22T00:00:00,Cobre,237.796,¢US/lb
3327,2020-05-22T00:00:00,Oro,1623.19,US$/ozt
3328,2020-05-22T00:00:00,Plata,16.3793,US$/ozt
3329,2020-05-22T00:00:00,Molibdeno,N.D.,¢US/lb
3330,2020-05-22T00:00:00,Inventarios,271775.0,TM
3331,2020-05-25T00:00:00,Cobre,237.796,¢US/lb
3332,2020-05-25T00:00:00,Oro,1623.19,US$/ozt
3333,2020-05-25T00:00:00,Plata,16.3793,US$/ozt
3334,2020-05-25T00:00:00,Molibdeno,N.D.,¢US/lb
3335,2020-05-25T00:00:00,Inventarios,271775.0,TM
3336,2020-05-26T00:00:00,Cobre,242.286,¢US/lb
3337,2020-05-26T00:00:00,Oro,1722.75,US$/ozt
3338,2020-05-26T00:00:00,Plata,17.3,US$/ozt
3339,2020-05-26T00:00:00,Molibdeno,N.D.,¢US/lb
3340,2020-05-26T00:00:00,Inventarios,270925.0,TM
3341,2020-05-27T00:00:00,Cobre,240.79,¢US/lb
3342,2020-05-27T00:00:00,Oro,1705.15,US$/ozt
3343,2020-05-27T00:00:00,Plata,17.19,US$/ozt
3344,2020-05-27T00:00:00,Molibdeno,N.D.,¢US/lb
3345,2020-05-27T00:00:00,Inventarios,263375.0,TM
3346,2020-05-28T00:00:00,Cobre,239.429,¢US/lb
3347,2020-05-28T00:00:00,Oro,1723.3,US$/ozt
3348,2020-05-28T00:00:00,Plata,17.34,US$/ozt
3349,2020-05-28T00:00:00,Molibdeno,N.D.,¢US/lb
3350,2020-05-28T00:00:00,Inventarios,264425.0,TM
3351,2020-05-29T00:00:00,Cobre,241.878,¢US/lb
3352,2020-05-29T00:00:00,Oro,1725.65,US$/ozt
3353,2020-05-29T00:00:00,Plata,17.59,US$/ozt
3354,2020-05-29T00:00:00,Molibdeno,N.D.,¢US/lb
3355,2020-05-29T00:00:00,Inventarios,261800.0,TM
3356,2020-01-06T00:00:00,Cobre,243.875,¢US/lb
3357,2020-01-06T00:00:00,Oro,1734.8,US$/ozt
3358,2020-01-06T00:00:00,Plata,18.16,US$/ozt
3359,2020-01-06T00:00:00,Molibdeno,N.D.,¢US/lb
3360,2020-01-06T00:00:00,Inventarios,255725.0,TM
3361,2020-02-06T00:00:00,Cobre,247.798,¢US/lb
3362,2020-02-06T00:00:00,Oro,1740.25,US$/ozt
3363,2020-02-06T00:00:00,Plata,18.27,US$/ozt
3364,2020-02-06T00:00:00,Molibdeno,N.D.,¢US/lb
3365,2020-02-06T00:00:00,Inventarios,254275.0,TM
3366,2020-03-06T00:00:00,Cobre,249.431,¢US/lb
3367,2020-03-06T00:00:00,Oro,1717.6,US$/ozt
3368,2020-03-06T00:00:00,Plata,17.86,US$/ozt
3369,2020-03-06T00:00:00,Molibdeno,N.D.,¢US/lb
3370,2020-03-06T00:00:00,Inventarios,252375.0,TM
3371,2020-04-06T00:00:00,Cobre,247.321,¢US/lb
3372,2020-04-06T00:00:00,Oro,1706.45,US$/ozt
3373,2020-04-06T00:00:00,Plata,17.75,US$/ozt
3374,2020-04-06T00:00:00,Molibdeno,N.D.,¢US/lb
3375,2020-04-06T00:00:00,Inventarios,248275.0,TM
3376,2020-05-06T00:00:00,Cobre,253.467,¢US/lb
3377,2020-05-06T00:00:00,Oro,1709.55,US$/ozt
3378,2020-05-06T00:00:00,Plata,17.58,US$/ozt
3379,2020-05-06T00:00:00,Molibdeno,N.D.,¢US/lb
3380,2020-05-06T00:00:00,Inventarios,243750.0,TM
3381,2020-08-06T00:00:00,Cobre,256.688,¢US/lb
3382,2020-08-06T00:00:00,Oro,1692.0,US$/ozt
3383,2020-08-06T00:00:00,Plata,17.63,US$/ozt
3384,2020-08-06T00:00:00,Molibdeno,N.D.,¢US/lb
3385,2020-08-06T00:00:00,Inventarios,237900.0,TM
3386,2020-09-06T00:00:00,Cobre,257.663,¢US/lb
3387,2020-09-06T00:00:00,Oro,1707.5,US$/ozt
3388,2020-09-06T00:00:00,Plata,17.63,US$/ozt
3389,2020-09-06T00:00:00,Molibdeno,N.D.,¢US/lb
3390,2020-09-06T00:00:00,Inventarios,236575.0,TM
3391,2020-10-06T00:00:00,Cobre,263.129,¢US/lb
3392,2020-10-06T00:00:00,Oro,1717.65,US$/ozt
3393,2020-10-06T00:00:00,Plata,17.715,US$/ozt
3394,2020-10-06T00:00:00,Molibdeno,N.D.,¢US/lb
3395,2020-10-06T00:00:00,Inventarios,233475.0,TM
3396,2020-11-06T00:00:00,Cobre,263.152,¢US/lb
3397,2020-11-06T00:00:00,Oro,1731.9,US$/ozt
3398,2020-11-06T00:00:00,Plata,17.875,US$/ozt
3399,2020-11-06T00:00:00,Molibdeno,N.D.,¢US/lb
3400,2020-11-06T00:00:00,Inventarios,231600.0,TM
3401,2020-12-06T00:00:00,Cobre,262.426,¢US/lb
3402,2020-12-06T00:00:00,Oro,1735.85,US$/ozt
3403,2020-12-06T00:00:00,Plata,17.625,US$/ozt
3404,2020-12-06T00:00:00,Molibdeno,N.D.,¢US/lb
3405,2020-12-06T00:00:00,Inventarios,234550.0,TM
3406,2020-06-15T00:00:00,Cobre,256.098,¢US/lb
3407,2020-06-15T00:00:00,Oro,1710.4,US$/ozt
3408,2020-06-15T00:00:00,Plata,17.085,US$/ozt
3409,2020-06-15T00:00:00,Molibdeno,N.D.,¢US/lb
3410,2020-06-15T00:00:00,Inventarios,247000.0,TM
3411,2020-06-16T00:00:00,Cobre,261.247,¢US/lb
3412,2020-06-16T00:00:00,Oro,1728.35,US$/ozt
3413,2020-06-16T00:00:00,Plata,17.41,US$/ozt
3414,2020-06-16T00:00:00,Molibdeno,N.D.,¢US/lb
3415,2020-06-16T00:00:00,Inventarios,248475.0,TM
3416,2020-06-17T00:00:00,Cobre,260.09,¢US/lb
3417,2020-06-17T00:00:00,Oro,1717.3,US$/ozt
3418,2020-06-17T00:00:00,Plata,17.47,US$/ozt
3419,2020-06-17T00:00:00,Molibdeno,N.D.,¢US/lb
3420,2020-06-17T00:00:00,Inventarios,244700.0,TM
3421,2020-06-18T00:00:00,Cobre,263.038,¢US/lb
3422,2020-06-18T00:00:00,Oro,1732.65,US$/ozt
3423,2020-06-18T00:00:00,Plata,17.615,US$/ozt
3424,2020-06-18T00:00:00,Molibdeno,N.D.,¢US/lb
3425,2020-06-18T00:00:00,Inventarios,243250.0,TM
3426,2020-06-19T00:00:00,Cobre,264.694,¢US/lb
3427,2020-06-19T00:00:00,Oro,1728.55,US$/ozt
3428,2020-06-19T00:00:00,Plata,17.525,US$/ozt
3429,2020-06-19T00:00:00,Molibdeno,N.D.,¢US/lb
3430,2020-06-19T00:00:00,Inventarios,236600.0,TM
3431,2020-06-22T00:00:00,Cobre,264.218,¢US/lb
3432,2020-06-22T00:00:00,Oro,1745.45,US$/ozt
3433,2020-06-22T00:00:00,Plata,17.86,US$/ozt
3434,2020-06-22T00:00:00,Molibdeno,N.D.,¢US/lb
3435,2020-06-22T00:00:00,Inventarios,233400.0,TM
3436,2020-06-23T00:00:00,Cobre,267.393,¢US/lb
3437,2020-06-23T00:00:00,Oro,1756.6,US$/ozt
3438,2020-06-23T00:00:00,Plata,17.81,US$/ozt
3439,2020-06-23T00:00:00,Molibdeno,N.D.,¢US/lb
3440,2020-06-23T00:00:00,Inventarios,228450.0,TM
3441,2020-06-24T00:00:00,Cobre,266.304,¢US/lb
3442,2020-06-24T00:00:00,Oro,1775.7,US$/ozt
3443,2020-06-24T00:00:00,Plata,17.855,US$/ozt
3444,2020-06-24T00:00:00,Molibdeno,N.D.,¢US/lb
3445,2020-06-24T00:00:00,Inventarios,226050.0,TM
3446,2020-06-25T00:00:00,Cobre,266.735,¢US/lb
3447,2020-06-25T00:00:00,Oro,1758.55,US$/ozt
3448,2020-06-25T00:00:00,Plata,17.53,US$/ozt
3449,2020-06-25T00:00:00,Molibdeno,N.D.,¢US/lb
3450,2020-06-25T00:00:00,Inventarios,225650.0,TM
3451,2020-06-26T00:00:00,Cobre,271.498,¢US/lb
3452,2020-06-26T00:00:00,Oro,1762.1,US$/ozt
3453,2020-06-26T00:00:00,Plata,17.83,US$/ozt
3454,2020-06-26T00:00:00,Molibdeno,N.D.,¢US/lb
3455,2020-06-26T00:00:00,Inventarios,221675.0,TM
3456,2020-06-29T00:00:00,Cobre,270.205,¢US/lb
3457,2020-06-29T00:00:00,Oro,1768.8,US$/ozt
3458,2020-06-29T00:00:00,Plata,17.905,US$/ozt
3459,2020-06-29T00:00:00,Molibdeno,N.D.,¢US/lb
3460,2020-06-29T00:00:00,Inventarios,219600.0,TM
3461,2020-06-30T00:00:00,Cobre,273.879,¢US/lb
3462,2020-06-30T00:00:00,Oro,1770.7,US$/ozt
3463,2020-06-30T00:00:00,Plata,17.845,US$/ozt
3464,2020-06-30T00:00:00,Molibdeno,N.D.,¢US/lb
3465,2020-06-30T00:00:00,Inventarios,216600.0,TM
3466,2020-01-07T00:00:00,Cobre,272.904,¢US/lb
3467,2020-01-07T00:00:00,Oro,1787.4,US$/ozt
3468,2020-01-07T00:00:00,Plata,18.22,US$/ozt
3469,2020-01-07T00:00:00,Molibdeno,N.D.,¢US/lb
3470,2020-01-07T00:00:00,Inventarios,231325.0,TM
3471,2020-02-07T00:00:00,Cobre,275.784,¢US/lb
3472,2020-02-07T00:00:00,Oro,1771.85,US$/ozt
3473,2020-02-07T00:00:00,Plata,17.925,US$/ozt
3474,2020-02-07T00:00:00,Molibdeno,N.D.,¢US/lb
3475,2020-02-07T00:00:00,Inventarios,210700.0,TM
3476,2020-03-07T00:00:00,Cobre,273.176,¢US/lb
3477,2020-03-07T00:00:00,Oro,1774.65,US$/ozt
3478,2020-03-07T00:00:00,Plata,18.02,US$/ozt
3479,2020-03-07T00:00:00,Molibdeno,N.D.,¢US/lb
3480,2020-03-07T00:00:00,Inventarios,206375.0,TM
3481,2020-06-07T00:00:00,Cobre,277.236,¢US/lb
3482,2020-06-07T00:00:00,Oro,1774.4,US$/ozt
3483,2020-06-07T00:00:00,Plata,18.255,US$/ozt
3484,2020-06-07T00:00:00,Molibdeno,N.D.,¢US/lb
3485,2020-06-07T00:00:00,Inventarios,197850.0,TM
3486,2020-07-07T00:00:00,Cobre,276.056,¢US/lb
3487,2020-07-07T00:00:00,Oro,1775.5,US$/ozt
3488,2020-07-07T00:00:00,Plata,18.02,US$/ozt
3489,2020-07-07T00:00:00,Molibdeno,N.D.,¢US/lb
3490,2020-07-07T00:00:00,Inventarios,195825.0,TM
3491,2020-08-07T00:00:00,Cobre,280.955,¢US/lb
3492,2020-08-07T00:00:00,Oro,1799.35,US$/ozt
3493,2020-08-07T00:00:00,Plata,18.485,US$/ozt
3494,2020-08-07T00:00:00,Molibdeno,N.D.,¢US/lb
3495,2020-08-07T00:00:00,Inventarios,192025.0,TM
3496,2020-09-07T00:00:00,Cobre,287.555,¢US/lb
3497,2020-09-07T00:00:00,Oro,1812.45,US$/ozt
3498,2020-09-07T00:00:00,Plata,18.835,US$/ozt
3499,2020-09-07T00:00:00,Molibdeno,N.D.,¢US/lb
3500,2020-09-07T00:00:00,Inventarios,185200.0,TM
3501,2020-10-07T00:00:00,Cobre,286.784,¢US/lb
3502,2020-10-07T00:00:00,Oro,1805.75,US$/ozt
3503,2020-10-07T00:00:00,Plata,18.77,US$/ozt
3504,2020-10-07T00:00:00,Molibdeno,N.D.,¢US/lb
3505,2020-10-07T00:00:00,Inventarios,181075.0,TM
3506,2020-07-13T00:00:00,Cobre,296.876,¢US/lb
3507,2020-07-13T00:00:00,Oro,1808.05,US$/ozt
3508,2020-07-13T00:00:00,Plata,19.095,US$/ozt
3509,2020-07-13T00:00:00,Molibdeno,N.D.,¢US/lb
3510,2020-07-13T00:00:00,Inventarios,176350.0,TM
3511,2020-07-14T00:00:00,Cobre,294.359,¢US/lb
3512,2020-07-14T00:00:00,Oro,1798.2,US$/ozt
3513,2020-07-14T00:00:00,Plata,18.895,US$/ozt
3514,2020-07-14T00:00:00,Molibdeno,N.D.,¢US/lb
3515,2020-07-14T00:00:00,Inventarios,168225.0,TM
3516,2020-07-15T00:00:00,Cobre,295.153,¢US/lb
3517,2020-07-15T00:00:00,Oro,1809.3,US$/ozt
3518,2020-07-15T00:00:00,Plata,19.33,US$/ozt
3519,2020-07-15T00:00:00,Molibdeno,N.D.,¢US/lb
3520,2020-07-15T00:00:00,Inventarios,166450.0,TM
3521,2020-07-17T00:00:00,Cobre,292.771,¢US/lb
3522,2020-07-17T00:00:00,Oro,1802.9,US$/ozt
3523,2020-07-17T00:00:00,Plata,19.16,US$/ozt
3524,2020-07-17T00:00:00,Molibdeno,N.D.,¢US/lb
3525,2020-07-17T00:00:00,Inventarios,157350.0,TM
3526,2020-07-20T00:00:00,Cobre,291.048,¢US/lb
3527,2020-07-20T00:00:00,Oro,1810.3,US$/ozt
3528,2020-07-20T00:00:00,Plata,19.44,US$/ozt
3529,2020-07-20T00:00:00,Molibdeno,N.D.,¢US/lb
3530,2020-07-20T00:00:00,Inventarios,151075.0,TM
3531,2020-07-21T00:00:00,Cobre,295.425,¢US/lb
3532,2020-07-21T00:00:00,Oro,1823.2,US$/ozt
3533,2020-07-21T00:00:00,Plata,20.555,US$/ozt
3534,2020-07-21T00:00:00,Molibdeno,N.D.,¢US/lb
3535,2020-07-21T00:00:00,Inventarios,146300.0,TM
3536,2020-07-22T00:00:00,Cobre,296.06,¢US/lb
3537,2020-07-22T00:00:00,Oro,1851.0,US$/ozt
3538,2020-07-22T00:00:00,Plata,22.245,US$/ozt
3539,2020-07-22T00:00:00,Molibdeno,N.D.,¢US/lb
3540,2020-07-22T00:00:00,Inventarios,145050.0,TM
3541,2020-07-23T00:00:00,Cobre,296.355,¢US/lb
3542,2020-07-23T00:00:00,Oro,1882.35,US$/ozt
3543,2020-07-23T00:00:00,Plata,22.86,US$/ozt
3544,2020-07-23T00:00:00,Molibdeno,N.D.,¢US/lb
3545,2020-07-23T00:00:00,Inventarios,143800.0,TM
3546,2020-07-24T00:00:00,Cobre,290.866,¢US/lb
3547,2020-07-24T00:00:00,Oro,1893.85,US$/ozt
3548,2020-07-24T00:00:00,Plata,22.475,US$/ozt
3549,2020-07-24T00:00:00,Molibdeno,N.D.,¢US/lb
3550,2020-07-24T00:00:00,Inventarios,141725.0,TM
3551,2020-07-27T00:00:00,Cobre,291.456,¢US/lb
3552,2020-07-27T00:00:00,Oro,1940.55,US$/ozt
3553,2020-07-27T00:00:00,Plata,24.375,US$/ozt
3554,2020-07-27T00:00:00,Molibdeno,N.D.,¢US/lb
3555,2020-07-27T00:00:00,Inventarios,138025.0,TM
3556,2020-07-28T00:00:00,Cobre,290.277,¢US/lb
3557,2020-07-28T00:00:00,Oro,1931.65,US$/ozt
3558,2020-07-28T00:00:00,Plata,23.545,US$/ozt
3559,2020-07-28T00:00:00,Molibdeno,N.D.,¢US/lb
3560,2020-07-28T00:00:00,Inventarios,134025.0,TM
3561,2020-07-29T00:00:00,Cobre,293.701,¢US/lb
3562,2020-07-29T00:00:00,Oro,1954.35,US$/ozt
3563,2020-07-29T00:00:00,Plata,24.335,US$/ozt
3564,2020-07-29T00:00:00,Molibdeno,N.D.,¢US/lb
3565,2020-07-29T00:00:00,Inventarios,131900.0,TM
3566,2020-07-30T00:00:00,Cobre,291.819,¢US/lb
3567,2020-07-30T00:00:00,Oro,1952.2,US$/ozt
3568,2020-07-30T00:00:00,Plata,23.16,US$/ozt
3569,2020-07-30T00:00:00,Molibdeno,N.D.,¢US/lb
3570,2020-07-30T00:00:00,Inventarios,129225.0,TM
3571,2020-07-31T00:00:00,Cobre,292.408,¢US/lb
3572,2020-07-31T00:00:00,Oro,1974.7,US$/ozt
3573,2020-07-31T00:00:00,Plata,24.07,US$/ozt
3574,2020-07-31T00:00:00,Molibdeno,N.D.,¢US/lb
3575,2020-07-31T00:00:00,Inventarios,128125.0,TM
3576,2020-03-08T00:00:00,Cobre,292.159,¢US/lb
3577,2020-03-08T00:00:00,Oro,1972.95,US$/ozt
3578,2020-03-08T00:00:00,Plata,24.23,US$/ozt
3579,2020-03-08T00:00:00,Molibdeno,N.D.,¢US/lb
3580,2020-03-08T00:00:00,Inventarios,126675.0,TM
3581,2020-04-08T00:00:00,Cobre,292.114,¢US/lb
3582,2020-04-08T00:00:00,Oro,1972.25,US$/ozt
3583,2020-04-08T00:00:00,Plata,24.33,US$/ozt
3584,2020-04-08T00:00:00,Molibdeno,N.D.,¢US/lb
3585,2020-04-08T00:00:00,Inventarios,125150.0,TM
3586,2020-05-08T00:00:00,Cobre,295.992,¢US/lb
3587,2020-05-08T00:00:00,Oro,2034.45,US$/ozt
3588,2020-05-08T00:00:00,Plata,26.945,US$/ozt
3589,2020-05-08T00:00:00,Molibdeno,N.D.,¢US/lb
3590,2020-05-08T00:00:00,Inventarios,122450.0,TM
3591,2020-06-08T00:00:00,Cobre,295.992,¢US/lb
3592,2020-06-08T00:00:00,Oro,2034.45,US$/ozt
3593,2020-06-08T00:00:00,Plata,26.955,US$/ozt
3594,2020-06-08T00:00:00,Molibdeno,N.D.,¢US/lb
3595,2020-06-08T00:00:00,Inventarios,122450.0,TM
3596,2020-07-08T00:00:00,Cobre,291.977,¢US/lb
3597,2020-07-08T00:00:00,Oro,2061.5,US$/ozt
3598,2020-07-08T00:00:00,Plata,28.33,US$/ozt
3599,2020-07-08T00:00:00,Molibdeno,N.D.,¢US/lb
3600,2020-07-08T00:00:00,Inventarios,117950.0,TM
3601,2020-10-08T00:00:00,Cobre,288.621,¢US/lb
3602,2020-10-08T00:00:00,Oro,2030.3,US$/ozt
3603,2020-10-08T00:00:00,Plata,28.27,US$/ozt
3604,2020-10-08T00:00:00,Molibdeno,N.D.,¢US/lb
3605,2020-10-08T00:00:00,Inventarios,114375.0,TM
3606,2020-11-08T00:00:00,Cobre,288.326,¢US/lb
3607,2020-11-08T00:00:00,Oro,1996.6,US$/ozt
3608,2020-11-08T00:00:00,Plata,28.28,US$/ozt
3609,2020-11-08T00:00:00,Molibdeno,N.D.,¢US/lb
3610,2020-11-08T00:00:00,Inventarios,114625.0,TM
3611,2020-12-08T00:00:00,Cobre,288.326,¢US/lb
3612,2020-12-08T00:00:00,Oro,1996.6,US$/ozt
3613,2020-12-08T00:00:00,Plata,28.28,US$/ozt
3614,2020-12-08T00:00:00,Molibdeno,N.D.,¢US/lb
3615,2020-12-08T00:00:00,Inventarios,114625.0,TM
3616,2020-08-13T00:00:00,Cobre,289.392,¢US/lb
3617,2020-08-13T00:00:00,Oro,1931.0,US$/ozt
3618,2020-08-13T00:00:00,Plata,26.25,US$/ozt
3619,2020-08-13T00:00:00,Molibdeno,N.D.,¢US/lb
3620,2020-08-13T00:00:00,Inventarios,113875.0,TM
3621,2020-08-14T00:00:00,Cobre,287.691,¢US/lb
3622,2020-08-14T00:00:00,Oro,1948.3,US$/ozt
3623,2020-08-14T00:00:00,Plata,26.705,US$/ozt
3624,2020-08-14T00:00:00,Molibdeno,N.D.,¢US/lb
3625,2020-08-14T00:00:00,Inventarios,113200.0,TM
3626,2020-08-17T00:00:00,Cobre,287.691,¢US/lb
3627,2020-08-17T00:00:00,Oro,1948.3,US$/ozt
3628,2020-08-17T00:00:00,Plata,26.705,US$/ozt
3629,2020-08-17T00:00:00,Molibdeno,N.D.,¢US/lb
3630,2020-08-17T00:00:00,Inventarios,113200.0,TM
3631,2020-08-18T00:00:00,Cobre,294.495,¢US/lb
3632,2020-08-18T00:00:00,Oro,2005.15,US$/ozt
3633,2020-08-18T00:00:00,Plata,28.325,US$/ozt
3634,2020-08-18T00:00:00,Molibdeno,N.D.,¢US/lb
3635,2020-08-18T00:00:00,Inventarios,107525.0,TM
3636,2020-08-19T00:00:00,Cobre,302.41,¢US/lb
3637,2020-08-19T00:00:00,Oro,1994.15,US$/ozt
3638,2020-08-19T00:00:00,Plata,27.44,US$/ozt
3639,2020-08-19T00:00:00,Molibdeno,N.D.,¢US/lb
3640,2020-08-19T00:00:00,Inventarios,106225.0,TM
3641,2020-08-20T00:00:00,Cobre,299.122,¢US/lb
3642,2020-08-20T00:00:00,Oro,1928.05,US$/ozt
3643,2020-08-20T00:00:00,Plata,26.915,US$/ozt
3644,2020-08-20T00:00:00,Molibdeno,N.D.,¢US/lb
3645,2020-08-20T00:00:00,Inventarios,104425.0,TM
3646,2020-08-21T00:00:00,Cobre,297.761,¢US/lb
3647,2020-08-21T00:00:00,Oro,1932.85,US$/ozt
3648,2020-08-21T00:00:00,Plata,26.85,US$/ozt
3649,2020-08-21T00:00:00,Molibdeno,N.D.,¢US/lb
3650,2020-08-21T00:00:00,Inventarios,103475.0,TM
3651,2020-08-24T00:00:00,Cobre,298.441,¢US/lb
3652,2020-08-24T00:00:00,Oro,1947.55,US$/ozt
3653,2020-08-24T00:00:00,Plata,26.885,US$/ozt
3654,2020-08-24T00:00:00,Molibdeno,N.D.,¢US/lb
3655,2020-08-24T00:00:00,Inventarios,97900.0,TM
3656,2020-08-25T00:00:00,Cobre,296.854,¢US/lb
3657,2020-08-25T00:00:00,Oro,1925.45,US$/ozt
3658,2020-08-25T00:00:00,Plata,26.495,US$/ozt
3659,2020-08-25T00:00:00,Molibdeno,N.D.,¢US/lb
3660,2020-08-25T00:00:00,Inventarios,95525.0,TM
3661,2020-08-26T00:00:00,Cobre,299.53,¢US/lb
3662,2020-08-26T00:00:00,Oro,1918.5,US$/ozt
3663,2020-08-26T00:00:00,Plata,26.395,US$/ozt
3664,2020-08-26T00:00:00,Molibdeno,N.D.,¢US/lb
3665,2020-08-26T00:00:00,Inventarios,92025.0,TM
3666,2020-08-27T00:00:00,Cobre,299.484,¢US/lb
3667,2020-08-27T00:00:00,Oro,1938.8,US$/ozt
3668,2020-08-27T00:00:00,Plata,27.245,US$/ozt
3669,2020-08-27T00:00:00,Molibdeno,N.D.,¢US/lb
3670,2020-08-27T00:00:00,Inventarios,90.775,TM
3671,2020-08-28T00:00:00,Cobre,305.177,¢US/lb
3672,2020-08-28T00:00:00,Oro,1955.85,US$/ozt
3673,2020-08-28T00:00:00,Plata,27.35,US$/ozt
3674,2020-08-28T00:00:00,Molibdeno,N.D.,¢US/lb
3675,2020-08-28T00:00:00,Inventarios,89350.0,TM
3676,2020-08-31T00:00:00,Cobre,305.177,¢US/lb
3677,2020-08-31T00:00:00,Oro,1955.85,US$/ozt
3678,2020-08-31T00:00:00,Plata,27.35,US$/ozt
3679,2020-08-31T00:00:00,Molibdeno,N.D.,¢US/lb
3680,2020-08-31T00:00:00,Inventarios,89350.0,TM
3681,2020-01-09T00:00:00,Cobre,307.921,¢US/lb
3682,2020-01-09T00:00:00,Oro,1987.95,US$/ozt
3683,2020-01-09T00:00:00,Plata,28.885,US$/ozt
3684,2020-01-09T00:00:00,Molibdeno,N.D.,¢US/lb
3685,2020-01-09T00:00:00,Inventarios,88250.0,TM
3686,2020-02-09T00:00:00,Cobre,304.769,¢US/lb
3687,2020-02-09T00:00:00,Oro,1969.0,US$/ozt
3688,2020-02-09T00:00:00,Plata,27.705,US$/ozt
3689,2020-02-09T00:00:00,Molibdeno,N.D.,¢US/lb
3690,2020-02-09T00:00:00,Inventarios,84975.0,TM
3691,2020-03-09T00:00:00,Cobre,299.961,¢US/lb
3692,2020-03-09T00:00:00,Oro,1934.1,US$/ozt
3693,2020-03-09T00:00:00,Plata,26.9,US$/ozt
3694,2020-03-09T00:00:00,Molibdeno,N.D.,¢US/lb
3695,2020-03-09T00:00:00,Inventarios,84650.0,TM
3696,2020-04-09T00:00:00,Cobre,302.909,¢US/lb
3697,2020-04-09T00:00:00,Oro,1937.6,US$/ozt
3698,2020-04-09T00:00:00,Plata,26.815,US$/ozt
3699,2020-04-09T00:00:00,Molibdeno,N.D.,¢US/lb
3700,2020-04-09T00:00:00,Inventarios,82450.0,TM
3701,2020-07-09T00:00:00,Cobre,308.012,¢US/lb
3702,2020-07-09T00:00:00,Oro,1928.4,US$/ozt
3703,2020-07-09T00:00:00,Plata,26.83,US$/ozt
3704,2020-07-09T00:00:00,Molibdeno,N.D.,¢US/lb
3705,2020-07-09T00:00:00,Inventarios,77550.0,TM
3706,2020-08-09T00:00:00,Cobre,306.969,¢US/lb
3707,2020-08-09T00:00:00,Oro,1920.6,US$/ozt
3708,2020-08-09T00:00:00,Plata,26.675,US$/ozt
3709,2020-08-09T00:00:00,Molibdeno,N.D.,¢US/lb
3710,2020-08-09T00:00:00,Inventarios,76550.0,TM
3711,2020-09-09T00:00:00,Cobre,304.315,¢US/lb
3712,2020-09-09T00:00:00,Oro,1928.4,US$/ozt
3713,2020-09-09T00:00:00,Plata,26.535,US$/ozt
3714,2020-09-09T00:00:00,Molibdeno,N.D.,¢US/lb
3715,2020-09-09T00:00:00,Inventarios,73425.0,TM
3716,2020-10-09T00:00:00,Cobre,304.383,¢US/lb
3717,2020-10-09T00:00:00,Oro,1944.8,US$/ozt
3718,2020-10-09T00:00:00,Plata,27.105,US$/ozt
3719,2020-10-09T00:00:00,Molibdeno,N.D.,¢US/lb
3720,2020-10-09T00:00:00,Inventarios,75975.0,TM
3721,2020-11-09T00:00:00,Cobre,306.515,¢US/lb
3722,2020-11-09T00:00:00,Oro,1944.5,US$/ozt
3723,2020-11-09T00:00:00,Plata,26.875,US$/ozt
3724,2020-11-09T00:00:00,Molibdeno,N.D.,¢US/lb
3725,2020-11-09T00:00:00,Inventarios,75550.0,TM
3726,2020-09-14T00:00:00,Cobre,307.899,¢US/lb
3727,2020-09-14T00:00:00,Oro,1942.3,US$/ozt
3728,2020-09-14T00:00:00,Plata,26.885,US$/ozt
3729,2020-09-14T00:00:00,Molibdeno,N.D.,¢US/lb
3730,2020-09-14T00:00:00,Inventarios,74875.0,TM
3731,2020-09-15T00:00:00,Cobre,309.055,¢US/lb
3732,2020-09-15T00:00:00,Oro,1963.55,US$/ozt
3733,2020-09-15T00:00:00,Plata,27.545,US$/ozt
3734,2020-09-15T00:00:00,Molibdeno,N.D.,¢US/lb
3735,2020-09-15T00:00:00,Inventarios,78550.0,TM
3736,2020-09-16T00:00:00,Cobre,307.354,¢US/lb
3737,2020-09-16T00:00:00,Oro,1964.8,US$/ozt
3738,2020-09-16T00:00:00,Plata,27.38,US$/ozt
3739,2020-09-16T00:00:00,Molibdeno,N.D.,¢US/lb
3740,2020-09-16T00:00:00,Inventarios,78900.0,TM
3741,2020-09-17T00:00:00,Cobre,306.674,¢US/lb
3742,2020-09-17T00:00:00,Oro,1936.1,US$/ozt
3743,2020-09-17T00:00:00,Plata,26.745,US$/ozt
3744,2020-09-17T00:00:00,Molibdeno,N.D.,¢US/lb
3745,2020-09-17T00:00:00,Inventarios,78750.0,TM
3746,2020-09-18T00:00:00,Cobre,309.962,¢US/lb
3747,2020-09-18T00:00:00,Oro,1954.75,US$/ozt
3748,2020-09-18T00:00:00,Plata,27.06,US$/ozt
3749,2020-09-18T00:00:00,Molibdeno,N.D.,¢US/lb
3750,2020-09-18T00:00:00,Inventarios,78900.0,TM
3751,2020-09-21T00:00:00,Cobre,310.121,¢US/lb
3752,2020-09-21T00:00:00,Oro,1930.9,US$/ozt
3753,2020-09-21T00:00:00,Plata,26.36,US$/ozt
3754,2020-09-21T00:00:00,Molibdeno,N.D.,¢US/lb
3755,2020-09-21T00:00:00,Inventarios,78425.0,TM
3756,2020-09-22T00:00:00,Cobre,308.896,¢US/lb
3757,2020-09-22T00:00:00,Oro,1903.1,US$/ozt
3758,2020-09-22T00:00:00,Plata,24.3,US$/ozt
3759,2020-09-22T00:00:00,Molibdeno,N.D.,¢US/lb
3760,2020-09-22T00:00:00,Inventarios,78300.0,TM
3761,2020-09-23T00:00:00,Cobre,305.064,¢US/lb
3762,2020-09-23T00:00:00,Oro,1888.1,US$/ozt
3763,2020-09-23T00:00:00,Plata,23.595,US$/ozt
3764,2020-09-23T00:00:00,Molibdeno,N.D.,¢US/lb
3765,2020-09-23T00:00:00,Inventarios,77275.0,TM
3766,2020-09-24T00:00:00,Cobre,296.581,¢US/lb
3767,2020-09-24T00:00:00,Oro,1850.75,US$/ozt
3768,2020-09-24T00:00:00,Plata,22.22,US$/ozt
3769,2020-09-24T00:00:00,Molibdeno,N.D.,¢US/lb
3770,2020-09-24T00:00:00,Inventarios,76325.0,TM
3771,2020-09-25T00:00:00,Cobre,296.581,¢US/lb
3772,2020-09-25T00:00:00,Oro,1850.75,US$/ozt
3773,2020-09-25T00:00:00,Plata,22.22,US$/ozt
3774,2020-09-25T00:00:00,Molibdeno,N.D.,¢US/lb
3775,2020-09-25T00:00:00,Inventarios,76325.0,TM
3776,2020-09-28T00:00:00,Cobre,298.078,¢US/lb
3777,2020-09-28T00:00:00,Oro,1850.95,US$/ozt
3778,2020-09-28T00:00:00,Plata,22.89,US$/ozt
3779,2020-09-28T00:00:00,Molibdeno,N.D.,¢US/lb
3780,2020-09-28T00:00:00,Inventarios,103125.0,TM
3781,2020-09-29T00:00:00,Cobre,296.922,¢US/lb
3782,2020-09-29T00:00:00,Oro,1882.4,US$/ozt
3783,2020-09-29T00:00:00,Plata,23.835,US$/ozt
3784,2020-09-29T00:00:00,Molibdeno,N.D.,¢US/lb
3785,2020-09-29T00:00:00,Inventarios,136325.0,TM
3786,2020-09-30T00:00:00,Cobre,299.825,¢US/lb
3787,2020-09-30T00:00:00,Oro,1883.4,US$/ozt
3788,2020-09-30T00:00:00,Plata,23.725,US$/ozt
3789,2020-09-30T00:00:00,Molibdeno,N.D.,¢US/lb
3790,2020-09-30T00:00:00,Inventarios,165600.0,TM
3791,2020-01-10T00:00:00,Cobre,300.006,¢US/lb
3792,2020-01-10T00:00:00,Oro,1895.55,US$/ozt
3793,2020-01-10T00:00:00,Plata,23.62,US$/ozt
3794,2020-01-10T00:00:00,Molibdeno,N.D.,¢US/lb
3795,2020-01-10T00:00:00,Inventarios,163125.0,TM
3796,2020-02-10T00:00:00,Cobre,290.73,¢US/lb
3797,2020-02-10T00:00:00,Oro,1906.4,US$/ozt
3798,2020-02-10T00:00:00,Plata,23.865,US$/ozt
3799,2020-02-10T00:00:00,Molibdeno,N.D.,¢US/lb
3800,2020-02-10T00:00:00,Inventarios,72432.0,TM
3801,2020-05-10T00:00:00,Cobre,295.175,¢US/lb
3802,2020-05-10T00:00:00,Oro,1899.65,US$/ozt
3803,2020-05-10T00:00:00,Plata,23.915,US$/ozt
3804,2020-05-10T00:00:00,Molibdeno,N.D.,¢US/lb
3805,2020-05-10T00:00:00,Inventarios,160875.0,TM
3806,2020-06-10T00:00:00,Cobre,295.243,¢US/lb
3807,2020-06-10T00:00:00,Oro,1912.5,US$/ozt
3808,2020-06-10T00:00:00,Plata,24.3,US$/ozt
3809,2020-06-10T00:00:00,Molibdeno,N.D.,¢US/lb
3810,2020-06-10T00:00:00,Inventarios,156.125,TM
3811,2020-07-10T00:00:00,Cobre,295.969,¢US/lb
3812,2020-07-10T00:00:00,Oro,1888.0,US$/ozt
3813,2020-07-10T00:00:00,Plata,23.53,US$/ozt
3814,2020-07-10T00:00:00,Molibdeno,N.D.,¢US/lb
3815,2020-07-10T00:00:00,Inventarios,155400.0,TM
3816,2020-08-10T00:00:00,Cobre,299.893,¢US/lb
3817,2020-08-10T00:00:00,Oro,1891.35,US$/ozt
3818,2020-08-10T00:00:00,Plata,23.96,US$/ozt
3819,2020-08-10T00:00:00,Molibdeno,N.D.,¢US/lb
3820,2020-08-10T00:00:00,Inventarios,154750.0,TM
3821,2020-09-10T00:00:00,Cobre,305.744,¢US/lb
3822,2020-09-10T00:00:00,Oro,1912.4,US$/ozt
3823,2020-09-10T00:00:00,Plata,24.315,US$/ozt
3824,2020-09-10T00:00:00,Molibdeno,N.D.,¢US/lb
3825,2020-09-10T00:00:00,Inventarios,153925.0,TM
3826,2020-12-10T00:00:00,Cobre,307.037,¢US/lb
3827,2020-12-10T00:00:00,Oro,1919.8,US$/ozt
3828,2020-12-10T00:00:00,Plata,25.06,US$/ozt
3829,2020-12-10T00:00:00,Molibdeno,N.D.,¢US/lb
3830,2020-12-10T00:00:00,Inventarios,152975.0,TM
3831,2020-10-13T00:00:00,Cobre,303.884,¢US/lb
3832,2020-10-13T00:00:00,Oro,1920.8,US$/ozt
3833,2020-10-13T00:00:00,Plata,24.935,US$/ozt
3834,2020-10-13T00:00:00,Molibdeno,N.D.,¢US/lb
3835,2020-10-13T00:00:00,Inventarios,153200.0,TM
3836,2020-10-14T00:00:00,Cobre,303.998,¢US/lb
3837,2020-10-14T00:00:00,Oro,1896.45,US$/ozt
3838,2020-10-14T00:00:00,Plata,24.175,US$/ozt
3839,2020-10-14T00:00:00,Molibdeno,N.D.,¢US/lb
3840,2020-10-14T00:00:00,Inventarios,169925.0,TM
3841,2020-10-15T00:00:00,Cobre,303.159,¢US/lb
3842,2020-10-15T00:00:00,Oro,1891.7,US$/ozt
3843,2020-10-15T00:00:00,Plata,23.935,US$/ozt
3844,2020-10-15T00:00:00,Molibdeno,N.D.,¢US/lb
3845,2020-10-15T00:00:00,Inventarios,168875.0,TM
3846,2020-10-16T00:00:00,Cobre,305.177,¢US/lb
3847,2020-10-16T00:00:00,Oro,1908.2,US$/ozt
3848,2020-10-16T00:00:00,Plata,24.36,US$/ozt
3849,2020-10-16T00:00:00,Molibdeno,N.D.,¢US/lb
3850,2020-10-16T00:00:00,Inventarios,184850.0,TM
3851,2020-10-19T00:00:00,Cobre,306.402,¢US/lb
3852,2020-10-19T00:00:00,Oro,1910.0,US$/ozt
3853,2020-10-19T00:00:00,Plata,24.84,US$/ozt
3854,2020-10-19T00:00:00,Molibdeno,N.D.,¢US/lb
3855,2020-10-19T00:00:00,Inventarios,183900.0,TM
3856,2020-10-20T00:00:00,Cobre,309.078,¢US/lb
3857,2020-10-20T00:00:00,Oro,1906.35,US$/ozt
3858,2020-10-20T00:00:00,Plata,24.63,US$/ozt
3859,2020-10-20T00:00:00,Molibdeno,N.D.,¢US/lb
3860,2020-10-20T00:00:00,Inventarios,183175.0,TM
3861,2020-10-21T00:00:00,Cobre,315.383,¢US/lb
3862,2020-10-21T00:00:00,Oro,1918.95,US$/ozt
3863,2020-10-21T00:00:00,Plata,25.02,US$/ozt
3864,2020-10-21T00:00:00,Molibdeno,N.D.,¢US/lb
3865,2020-10-21T00:00:00,Inventarios,181650.0,TM
3866,2020-10-22T00:00:00,Cobre,312.344,¢US/lb
3867,2020-10-22T00:00:00,Oro,1916.85,US$/ozt
3868,2020-10-22T00:00:00,Plata,24.915,US$/ozt
3869,2020-10-22T00:00:00,Molibdeno,N.D.,¢US/lb
3870,2020-10-22T00:00:00,Inventarios,180625.0,TM
3871,2020-10-23T00:00:00,Cobre,312.049,¢US/lb
3872,2020-10-23T00:00:00,Oro,1910.6,US$/ozt
3873,2020-10-23T00:00:00,Plata,24.76,US$/ozt
3874,2020-10-23T00:00:00,Molibdeno,N.D.,¢US/lb
3875,2020-10-23T00:00:00,Inventarios,180300.0,TM
3876,2020-10-26T00:00:00,Cobre,308.715,¢US/lb
3877,2020-10-26T00:00:00,Oro,1901.6,US$/ozt
3878,2020-10-26T00:00:00,Plata,24.28,US$/ozt
3879,2020-10-26T00:00:00,Molibdeno,N.D.,¢US/lb
3880,2020-10-26T00:00:00,Inventarios,178725.0,TM
3881,2020-10-27T00:00:00,Cobre,307.876,¢US/lb
3882,2020-10-27T00:00:00,Oro,1898.9,US$/ozt
3883,2020-10-27T00:00:00,Plata,24.435,US$/ozt
3884,2020-10-27T00:00:00,Molibdeno,N.D.,¢US/lb
3885,2020-10-27T00:00:00,Inventarios,177075.0,TM
3886,2020-10-28T00:00:00,Cobre,303.657,¢US/lb
3887,2020-10-28T00:00:00,Oro,1896.85,US$/ozt
3888,2020-10-28T00:00:00,Plata,23.925,US$/ozt
3889,2020-10-28T00:00:00,Molibdeno,N.D.,¢US/lb
3890,2020-10-28T00:00:00,Inventarios,174900.0,TM
3891,2020-10-29T00:00:00,Cobre,303.544,¢US/lb
3892,2020-10-29T00:00:00,Oro,1876.85,US$/ozt
3893,2020-10-29T00:00:00,Plata,23.015,US$/ozt
3894,2020-10-29T00:00:00,Molibdeno,N.D.,¢US/lb
3895,2020-10-29T00:00:00,Inventarios,172625.0,TM
3896,2020-10-30T00:00:00,Cobre,303.657,¢US/lb
3897,2020-10-30T00:00:00,Oro,1875.8,US$/ozt
3898,2020-10-30T00:00:00,Plata,23.625,US$/ozt
3899,2020-10-30T00:00:00,Molibdeno,N.D.,¢US/lb
3900,2020-10-30T00:00:00,Inventarios,171300.0,TM
3901,2020-02-11T00:00:00,Cobre,304.474,¢US/lb
3902,2020-02-11T00:00:00,Oro,1886.75,US$/ozt
3903,2020-02-11T00:00:00,Plata,23.975,US$/ozt
3904,2020-02-11T00:00:00,Molibdeno,N.D.,¢US/lb
3905,2020-02-11T00:00:00,Inventarios,169600.0,TM
3906,2020-03-11T00:00:00,Oro,1899.85,US$/ozt
3907,2020-03-11T00:00:00,Plata,24.17,US$/ozt
3908,2020-03-11T00:00:00,Molibdeno,N.D.,¢US/lb
3909,2020-03-11T00:00:00,Inventarios,169400.0,TM
3910,2020-04-11T00:00:00,Cobre,306.084,¢US/lb
3911,2020-04-11T00:00:00,Oro,1888.55,US$/ozt
3912,2020-04-11T00:00:00,Plata,23.975,US$/ozt
3913,2020-04-11T00:00:00,Molibdeno,N.D.,¢US/lb
3914,2020-04-11T00:00:00,Inventarios,176650.0,TM
3915,2020-05-11T00:00:00,Cobre,308.352,¢US/lb
3916,2020-05-11T00:00:00,Oro,1916.8,US$/ozt
3917,2020-05-11T00:00:00,Plata,24.57,US$/ozt
3918,2020-05-11T00:00:00,Molibdeno,N.D.,¢US/lb
3919,2020-05-11T00:00:00,Inventarios,174050.0,TM
3920,2020-06-11T00:00:00,Cobre,314.725,¢US/lb
3921,2020-06-11T00:00:00,Oro,1947.95,US$/ozt
3922,2020-06-11T00:00:00,Plata,25.78,US$/ozt
3923,2020-06-11T00:00:00,Molibdeno,N.D.,¢US/lb
3924,2020-06-11T00:00:00,Inventarios,172450.0,TM
3925,2020-09-11T00:00:00,Cobre,319.057,¢US/lb
3926,2020-09-11T00:00:00,Oro,1957.45,US$/ozt
3927,2020-09-11T00:00:00,Plata,25.105,US$/ozt
3928,2020-09-11T00:00:00,Molibdeno,N.D.,¢US/lb
3929,2020-09-11T00:00:00,Inventarios,171125.0,TM
3930,2020-10-11T00:00:00,Cobre,311.414,¢US/lb
3931,2020-10-11T00:00:00,Oro,1874.9,US$/ozt
3932,2020-10-11T00:00:00,Plata,24.195,US$/ozt
3933,2020-10-11T00:00:00,Molibdeno,N.D.,¢US/lb
3934,2020-10-11T00:00:00,Inventarios,169575.0,TM
3935,2020-11-11T00:00:00,Cobre,313.546,¢US/lb
3936,2020-11-11T00:00:00,Oro,1876.2,US$/ozt
3937,2020-11-11T00:00:00,Plata,24.21,US$/ozt
3938,2020-11-11T00:00:00,Molibdeno,N.D.,¢US/lb
3939,2020-11-11T00:00:00,Inventarios,167825.0,TM
3940,2020-12-11T00:00:00,Cobre,313.16,¢US/lb
3941,2020-12-11T00:00:00,Oro,1868.0,US$/ozt
3942,2020-12-11T00:00:00,Plata,24.215,US$/ozt
3943,2020-12-11T00:00:00,Molibdeno,N.D.,¢US/lb
3944,2020-12-11T00:00:00,Inventarios,166200.0,TM
3945,2020-11-13T00:00:00,Cobre,314.158,¢US/lb
3946,2020-11-13T00:00:00,Oro,1878.2,US$/ozt
3947,2020-11-13T00:00:00,Plata,24.245,US$/ozt
3948,2020-11-13T00:00:00,Molibdeno,N.D.,¢US/lb
3949,2020-11-13T00:00:00,Inventarios,165200.0,TM
3950,2020-11-16T00:00:00,Cobre,322.64,¢US/lb
3951,2020-11-16T00:00:00,Oro,1892.6,US$/ozt
3952,2020-11-16T00:00:00,Plata,24.265,US$/ozt
3953,2020-11-16T00:00:00,Molibdeno,N.A.,¢US/lb
3954,2020-11-16T00:00:00,Inventarios,163025.0,TM
3955,2020-11-17T00:00:00,Cobre,319.783,¢US/lb
3956,2020-11-17T00:00:00,Oro,1885.4,US$/ozt
3957,2020-11-17T00:00:00,Plata,24.63,US$/ozt
3958,2020-11-17T00:00:00,Molibdeno,N.D.,¢US/lb
3959,2020-11-17T00:00:00,Inventarios,161700.0,TM
3960,2020-11-18T00:00:00,Cobre,321.28,¢US/lb
3961,2020-11-18T00:00:00,Oro,1877.2,US$/ozt
3962,2020-11-18T00:00:00,Plata,24.315,US$/ozt
3963,2020-11-18T00:00:00,Molibdeno,N.D.,¢US/lb
3964,2020-11-18T00:00:00,Inventarios,161700.0,TM
3965,2020-11-19T00:00:00,Cobre,318.785,¢US/lb
3966,2020-11-19T00:00:00,Oro,1857.4,US$/ozt
3967,2020-11-19T00:00:00,Plata,23.98,US$/ozt
3968,2020-11-19T00:00:00,Molibdeno,N.D.,¢US/lb
3969,2020-11-19T00:00:00,Inventarios,159475.0,TM
3970,2020-11-20T00:00:00,Cobre,325.611,¢US/lb
3971,2020-11-20T00:00:00,Oro,1867.0,US$/ozt
3972,2020-11-20T00:00:00,Plata,24.165,US$/ozt
3973,2020-11-20T00:00:00,Molibdeno,N.D.,¢US/lb
3974,2020-11-20T00:00:00,Inventarios,159475.0,TM
3975,2020-11-23T00:00:00,Cobre,327.29,¢US/lb
3976,2020-11-23T00:00:00,Oro,1863.8,US$/ozt
3977,2020-11-23T00:00:00,Plata,23.905,US$/ozt
3978,2020-11-23T00:00:00,Molibdeno,N.D.,¢US/lb
3979,2020-11-23T00:00:00,Inventarios,156075.0,TM
3980,2020-11-24T00:00:00,Cobre,331.213,¢US/lb
3981,2020-11-24T00:00:00,Oro,1818.1,US$/ozt
3982,2020-11-24T00:00:00,Plata,23.155,US$/ozt
3983,2020-11-24T00:00:00,Molibdeno,N.D.,¢US/lb
3984,2020-11-24T00:00:00,Inventarios,154825.0,TM
3985,2020-11-25T00:00:00,Cobre,328.333,¢US/lb
3986,2020-11-25T00:00:00,Oro,1808.55,US$/ozt
3987,2020-11-25T00:00:00,Plata,23.41,US$/ozt
3988,2020-11-25T00:00:00,Molibdeno,N.D.,¢US/lb
3989,2020-11-25T00:00:00,Inventarios,153175.0,TM
3990,2020-11-26T00:00:00,Cobre,333.685,¢US/lb
3991,2020-11-26T00:00:00,Oro,1814.85,US$/ozt
3992,2020-11-26T00:00:00,Plata,23.36,US$/ozt
3993,2020-11-26T00:00:00,Molibdeno,N.D.,¢US/lb
3994,2020-11-26T00:00:00,Inventarios,152025.0,TM
3995,2020-11-27T00:00:00,Cobre,338.471,¢US/lb
3996,2020-11-27T00:00:00,Oro,1808.05,US$/ozt
3997,2020-11-27T00:00:00,Plata,23.135,US$/ozt
3998,2020-11-27T00:00:00,Molibdeno,N.D.,¢US/lb
3999,2020-11-27T00:00:00,Inventarios,150775.0,TM
4000,2020-11-30T00:00:00,Cobre,348.11,¢US/lb
4001,2020-11-30T00:00:00,Oro,1771.95,US$/ozt
4002,2020-11-30T00:00:00,Plata,22.15,US$/ozt
4003,2020-11-30T00:00:00,Molibdeno,N.D.,¢US/lb
4004,2020-11-30T00:00:00,Inventarios,148800.0,TM
4005,2020-01-12T00:00:00,Cobre,346726.0,¢US/lb
4006,2020-01-12T00:00:00,Oro,1796.2,US$/ozt
4007,2020-01-12T00:00:00,Plata,23.535,US$/ozt
4008,2020-01-12T00:00:00,Molibdeno,N.D.,¢US/lb
4009,2020-01-12T00:00:00,Inventarios,149925.0,TM
4010,2020-02-12T00:00:00,Cobre,345.479,¢US/lb
4011,2020-02-12T00:00:00,Oro,1832.95,US$/ozt
4012,2020-02-12T00:00:00,Plata,23.98,US$/ozt
4013,2020-02-12T00:00:00,Molibdeno,N.D.,¢US/lb
4014,2020-02-12T00:00:00,Inventarios,149675.0,TM
4015,2020-03-12T00:00:00,Cobre,348.314,¢US/lb
4016,2020-03-12T00:00:00,Oro,1834.8,US$/ozt
4017,2020-03-12T00:00:00,Plata,24.17,US$/ozt
4018,2020-03-12T00:00:00,Molibdeno,N.D.,¢US/lb
4019,2020-03-12T00:00:00,Inventarios,149325.0,TM
4020,2020-04-12T00:00:00,Cobre,351.149,¢US/lb
4021,2020-04-12T00:00:00,Oro,1839.3,US$/ozt
4022,2020-04-12T00:00:00,Plata,24.225,US$/ozt
4023,2020-04-12T00:00:00,Molibdeno,N.D.,¢US/lb
4024,2020-04-12T00:00:00,Inventarios,149675.0,TM
4025,2020-07-12T00:00:00,Cobre,347.293,¢US/lb
4026,2020-07-12T00:00:00,Oro,1832.8,US$/ozt
4027,2020-07-12T00:00:00,Plata,23.75,US$/ozt
4028,2020-07-12T00:00:00,Molibdeno,N.D.,¢US/lb
4029,2020-07-12T00:00:00,Inventarios,150125.0,TM
4030,2020-08-12T00:00:00,Cobre,346.318,¢US/lb
4031,2020-08-12T00:00:00,Oro,1864.5,US$/ozt
4032,2020-08-12T00:00:00,Plata,24.475,US$/ozt
4033,2020-08-12T00:00:00,Molibdeno,N.D.,¢US/lb
4034,2020-08-12T00:00:00,Inventarios,149625.0,TM
4035,2020-09-12T00:00:00,Cobre,349.47,¢US/lb
4036,2020-09-12T00:00:00,Oro,1859.8,US$/ozt
4037,2020-09-12T00:00:00,Plata,24.085,US$/ozt
4038,2020-09-12T00:00:00,Molibdeno,N.D.,¢US/lb
4039,2020-09-12T00:00:00,Inventarios,149575.0,TM
4040,2020-10-12T00:00:00,Cobre,349.811,¢US/lb
4041,2020-10-12T00:00:00,Oro,1834.2,US$/ozt
4042,2020-10-12T00:00:00,Plata,23.885,US$/ozt
4043,2020-10-12T00:00:00,Molibdeno,N.D.,¢US/lb
4044,2020-10-12T00:00:00,Inventarios,147825.0,TM
4045,2020-11-12T00:00:00,Cobre,351.126,¢US/lb
4046,2020-11-12T00:00:00,Oro,1833.65,US$/ozt
4047,2020-11-12T00:00:00,Plata,23.815,US$/ozt
4048,2020-11-12T00:00:00,Molibdeno,N.D.,¢US/lb
4049,2020-11-12T00:00:00,Inventarios,146325.0,TM
4050,2020-12-14T00:00:00,Cobre,352.124,¢US/lb
4051,2020-12-14T00:00:00,Oro,1820.25,US$/ozt
4052,2020-12-14T00:00:00,Plata,23.855,US$/ozt
4053,2020-12-14T00:00:00,Molibdeno,N.D.,¢US/lb
4054,2020-12-14T00:00:00,Inventarios,144775.0,TM
4055,2020-12-15T00:00:00,Cobre,351.67,¢US/lb
4056,2020-12-15T00:00:00,Oro,1844.3,US$/ozt
4057,2020-12-15T00:00:00,Plata,24.215,US$/ozt
4058,2020-12-15T00:00:00,Molibdeno,N.D.,¢US/lb
4059,2020-12-15T00:00:00,Inventarios,141900.0,TM
4060,2020-12-16T00:00:00,Cobre,354.845,¢US/lb
4061,2020-12-16T00:00:00,Oro,1861.35,US$/ozt
4062,2020-12-16T00:00:00,Plata,25.13,US$/ozt
4063,2020-12-16T00:00:00,Molibdeno,N.D.,¢US/lb
4064,2020-12-16T00:00:00,Inventarios,133125.0,TM
4065,2020-12-17T00:00:00,Cobre,358.021,¢US/lb
4066,2020-12-17T00:00:00,Oro,1871.95,US$/ozt
4067,2020-12-17T00:00:00,Plata,25.74,US$/ozt
4068,2020-12-17T00:00:00,Molibdeno,N.D.,¢US/lb
4069,2020-12-17T00:00:00,Inventarios,127725.0,TM
4070,2020-12-18T00:00:00,Cobre,361.241,¢US/lb
4071,2020-12-18T00:00:00,Oro,1878.95,US$/ozt
4072,2020-12-18T00:00:00,Plata,25.815,US$/ozt
4073,2020-12-18T00:00:00,Molibdeno,N.D.,¢US/lb
4074,2020-12-18T00:00:00,Inventarios,123400.0,TM
4075,2020-12-21T00:00:00,Cobre,355.548,¢US/lb
4076,2020-12-21T00:00:00,Oro,1869.25,US$/ozt
4077,2020-12-21T00:00:00,Plata,26.155,US$/ozt
4078,2020-12-21T00:00:00,Molibdeno,N.D.,¢US/lb
4079,2020-12-21T00:00:00,Inventarios,122975.0,TM
4080,2020-12-22T00:00:00,Cobre,351.67,¢US/lb
4081,2020-12-22T00:00:00,Oro,1873.3,US$/ozt
4082,2020-12-22T00:00:00,Plata,25.77,US$/ozt
4083,2020-12-22T00:00:00,Molibdeno,N.D.,¢US/lb
4084,2020-12-22T00:00:00,Inventarios,119600.0,TM
4085,2020-12-23T00:00:00,Cobre,352.192,¢US/lb
4086,2020-12-23T00:00:00,Oro,1867.1,US$/ozt
4087,2020-12-23T00:00:00,Plata,25.315,US$/ozt
4088,2020-12-23T00:00:00,Molibdeno,N.D.,¢US/lb
4089,2020-12-23T00:00:00,Inventarios,119375.0,TM
4090,2020-12-24T00:00:00,Cobre,353.485,¢US/lb
4091,2020-12-24T00:00:00,Oro,1872.55,US$/ozt
4092,2020-12-24T00:00:00,Plata,25.78,US$/ozt
4093,2020-12-24T00:00:00,Molibdeno,N.D.,¢US/lb
4094,2020-12-24T00:00:00,Inventarios,116100.0,TM
4095,2020-12-28T00:00:00,Cobre,"",¢US/lb
4096,2020-12-28T00:00:00,Oro,"",US$/ozt
4097,2020-12-28T00:00:00,Plata,"",US$/ozt
4098,2020-12-28T00:00:00,Molibdeno,"",¢US/lb
4099,2020-12-28T00:00:00,Inventarios,"",TM
4100,2020-12-29T00:00:00,Cobre,355.617,¢US/lb
4101,2020-12-29T00:00:00,Oro,1873.9,US$/ozt
4102,2020-12-29T00:00:00,Plata,26.15,US$/ozt
4103,2020-12-29T00:00:00,Molibdeno,N.D.,¢US/lb
4104,2020-12-29T00:00:00,Inventarios,113975.0,TM
4105,2020-04-01T00:00:00,Cobre,359.177,¢US/lb
4106,2020-04-01T00:00:00,Oro,1930.8,US$/ozt
4107,2020-04-01T00:00:00,Plata,27.27,US$/ozt
4108,2020-04-01T00:00:00,Molibdeno,N.D.,¢US/lb
4109,2020-04-01T00:00:00,Inventarios,105800.0,TM
4110,2020-05-01T00:00:00,Cobre,358.973,¢US/lb
4111,2020-05-01T00:00:00,Oro,1946.55,US$/ozt
4112,2020-05-01T00:00:00,Plata,27.51,US$/ozt
4113,2020-05-01T00:00:00,Molibdeno,N.D.,¢US/lb
4114,2020-05-01T00:00:00,Inventarios,105425.0,TM
4115,2020-06-01T00:00:00,Cobre,368.748,¢US/lb
4116,2020-06-01T00:00:00,Oro,1957.2,US$/ozt
4117,2020-06-01T00:00:00,Plata,27.525,US$/ozt
4118,2020-06-01T00:00:00,Molibdeno,N.D.,¢US/lb
4119,2020-06-01T00:00:00,Inventarios,105425.0,TM
4120,2020-07-01T00:00:00,Cobre,364.53,¢US/lb
4121,2020-07-01T00:00:00,Oro,1911.05,US$/ozt
4122,2020-07-01T00:00:00,Plata,27.13,US$/ozt
4123,2020-07-01T00:00:00,Molibdeno,N.D.,¢US/lb
4124,2020-07-01T00:00:00,Inventarios,104325.0,TM
4125,2020-08-01T00:00:00,Cobre,369.496,¢US/lb
4126,2020-08-01T00:00:00,Oro,1891.3,US$/ozt
4127,2020-08-01T00:00:00,Plata,26.645,US$/ozt
4128,2020-08-01T00:00:00,Molibdeno,N.D.,¢US/lb
4129,2020-08-01T00:00:00,Inventarios,102425.0,TM
4130,2020-11-01T00:00:00,Cobre,360.674,¢US/lb
4131,2020-11-01T00:00:00,Oro,1847.8,US$/ozt
4132,2020-11-01T00:00:00,Plata,25.02,US$/ozt
4133,2020-11-01T00:00:00,Molibdeno,N.D.,¢US/lb
4134,2020-11-01T00:00:00,Inventarios,104950.0,TM
4135,2020-12-01T00:00:00,Cobre,362.103,¢US/lb
4136,2020-12-01T00:00:00,Oro,1861.85,US$/ozt
4137,2020-12-01T00:00:00,Plata,25.525,US$/ozt
4138,2020-12-01T00:00:00,Molibdeno,N.D.,¢US/lb
4139,2020-12-01T00:00:00,Inventarios,103750.0,TM
4140,2020-01-13T00:00:00,Cobre,361.082,¢US/lb
4141,2020-01-13T00:00:00,Oro,1852.4,US$/ozt
4142,2020-01-13T00:00:00,Plata,25.335,US$/ozt
4143,2020-01-13T00:00:00,Molibdeno,N.D.,¢US/lb
4144,2020-01-13T00:00:00,Inventarios,102550.0,TM
